order_id,customer_id,order_date,promised_delivery_date,order_status,payment_type,order_value,origin_city,destination_city,product_category,marketplace_channel
O0001,CUS0126,2026-03-23,2026-03-25,Paid,Debit Card,1854.33,São Paulo,Belo Horizonte,Mercado,Marketplace
O0002,CUS0017,2026-03-11,2026-03-13,Created,Credit Card,585.58,Manaus,Goiânia,Esporte,Marketplace
O0003,CUS0215,2026-01-04,2026-01-10,Paid,Bank Slip,1493.66,Porto Alegre,Manaus,Eletrônicos,App
O0004,CUS0080,2026-03-31,2026-04-05,Paid,Pix,300.33,Belo Horizonte,Campinas,Beleza,App
O0005,CUS0023,2026-02-15,2026-02-23,Delivered,Credit Card,2434.13,Belo Horizonte,Campinas,Beleza,App
O0006,CUS0296,2026-03-12,2026-03-16,Paid,Credit Card,162.17,Manaus,Belo Horizonte,Moda,Website
O0007,CUS0195,2026-01-11,2026-01-19,Shipped,Bank Slip,1607.39,Porto Alegre,Rio de Janeiro,Casa,App
O0008,CUS0350,2026-02-17,2026-02-21,Created,Debit Card,1358.6,Porto Alegre,Belo Horizonte,Moda,App
O0009,CUS0113,2026-03-01,2026-03-06,Shipped,Credit Card,611.09,Campinas,Manaus,Eletrônicos,Website
O0010,CUS0291,2026-02-21,2026-02-25,Shipped,Debit Card,1655.79,Rio de Janeiro,Campinas,Beleza,Marketplace
O0011,CUS0127,2026-02-28,2026-03-03,Canceled,Pix,1880.16,Campinas,Curitiba,Beleza,Marketplace
O0012,CUS0261,2026-02-21,2026-02-25,Delivered,Credit Card,1901.64,Porto Alegre,Curitiba,Eletrônicos,App
O0013,CUS0198,2026-03-22,2026-03-25,Delivered,Bank Slip,1346.28,Goiânia,Rio de Janeiro,Esporte,App
O0014,CUS0137,2026-03-29,2026-04-05,Shipped,Credit Card,769.0,Rio de Janeiro,Manaus,Moda,Website
O0015,CUS0092,2026-01-01,2026-01-08,Canceled,Credit Card,2182.76,Campinas,Manaus,Casa,Marketplace
O0016,CUS0192,2026-03-06,2026-03-12,Paid,Credit Card,1517.37,Porto Alegre,Curitiba,Beleza,App
O0017,CUS0030,2026-01-15,2026-01-19,Paid,Credit Card,259.76,Campinas,Porto Alegre,Beleza,App
O0018,CUS0338,2026-03-10,2026-03-18,Delivered,Debit Card,699.32,Curitiba,Porto Alegre,Esporte,Website
O0019,CUS0205,2026-01-28,2026-02-03,Shipped,Bank Slip,2254.04,Porto Alegre,Belo Horizonte,Beleza,App
O0020,CUS0011,2026-02-01,2026-02-04,Canceled,Debit Card,1491.64,Rio de Janeiro,Goiânia,Eletrônicos,App
O0021,CUS0017,2026-03-22,2026-03-24,Shipped,Credit Card,1309.63,Porto Alegre,Rio de Janeiro,Casa,Marketplace
O0022,CUS0293,2026-03-04,2026-03-07,Canceled,Bank Slip,645.27,Salvador,Curitiba,Beleza,Website
O0023,CUS0182,2026-01-25,2026-01-27,Delivered,Bank Slip,1194.16,Rio de Janeiro,Recife,Mercado,App
O0024,CUS0207,2026-03-28,2026-04-04,Shipped,Credit Card,659.13,Rio de Janeiro,São Paulo,Moda,Marketplace
O0025,CUS0143,2026-02-27,2026-03-02,Delivered,Debit Card,2192.48,Goiânia,Curitiba,Eletrônicos,Website
O0026,CUS0008,2026-03-12,2026-03-14,Created,Debit Card,457.38,São Paulo,Manaus,Beleza,Website
O0027,CUS0085,2026-01-28,2026-02-05,Delivered,Credit Card,2464.01,Goiânia,São Paulo,Casa,Website
O0028,CUS0080,2026-02-06,2026-02-11,Paid,Pix,583.29,Salvador,Recife,Eletrônicos,Marketplace
O0029,CUS0026,2026-03-11,2026-03-13,Canceled,Bank Slip,1281.93,Belo Horizonte,São Paulo,Esporte,App
O0030,CUS0036,2026-01-08,2026-01-14,Canceled,Credit Card,1704.24,Rio de Janeiro,Porto Alegre,Moda,Website
O0031,CUS0318,2026-01-16,2026-01-22,Created,Bank Slip,1660.53,Porto Alegre,São Paulo,Esporte,Marketplace
O0032,CUS0123,2026-02-10,2026-02-14,Shipped,Bank Slip,370.56,Porto Alegre,Goiânia,Mercado,Website
O0033,CUS0235,2026-02-28,2026-03-04,Canceled,Credit Card,229.4,Rio de Janeiro,São Paulo,Moda,Marketplace
O0034,CUS0126,2026-02-03,2026-02-06,Shipped,Pix,436.4,Belo Horizonte,Rio de Janeiro,Esporte,Marketplace
O0035,CUS0342,2026-02-08,2026-02-14,Canceled,Pix,2332.8,Salvador,São Paulo,Eletrônicos,App
O0036,CUS0080,2026-02-03,2026-02-05,Shipped,Pix,1531.79,Rio de Janeiro,Manaus,Mercado,Website
O0037,CUS0251,2026-01-27,2026-02-03,Shipped,Credit Card,276.04,Campinas,Manaus,Beleza,Website
O0038,CUS0327,2026-01-06,2026-01-08,Shipped,Debit Card,1865.99,Belo Horizonte,Curitiba,Esporte,Marketplace
O0039,CUS0039,2026-02-24,2026-03-02,Paid,Credit Card,2094.74,São Paulo,Curitiba,Esporte,Marketplace
O0040,CUS0158,2026-01-19,2026-01-24,Shipped,Credit Card,2252.36,Curitiba,São Paulo,Moda,Marketplace
O0041,CUS0287,2026-02-01,2026-02-08,Delivered,Debit Card,2318.11,Rio de Janeiro,Goiânia,Moda,App
O0042,CUS0171,2026-01-23,2026-01-28,Delivered,Debit Card,703.6,São Paulo,Porto Alegre,Mercado,App
O0043,CUS0114,2026-02-18,2026-02-26,Paid,Bank Slip,906.6,São Paulo,Salvador,Moda,App
O0044,CUS0169,2026-01-04,2026-01-11,Shipped,Credit Card,2418.87,Porto Alegre,Recife,Casa,Website
O0045,CUS0170,2026-03-24,2026-03-30,Created,Credit Card,2198.73,Goiânia,Manaus,Casa,App
O0046,CUS0306,2026-03-16,2026-03-20,Delivered,Pix,1834.91,São Paulo,Curitiba,Casa,Website
O0047,CUS0296,2026-03-19,2026-03-25,Paid,Pix,158.65,Rio de Janeiro,Recife,Beleza,App
O0048,CUS0187,2026-03-08,2026-03-16,Delivered,Credit Card,2374.74,Salvador,Porto Alegre,Casa,Marketplace
O0049,CUS0260,2026-02-10,2026-02-17,Shipped,Bank Slip,849.08,Rio de Janeiro,Belo Horizonte,Mercado,Website
O0050,CUS0341,2026-03-12,2026-03-15,Delivered,Debit Card,1557.97,Porto Alegre,Recife,Casa,Website
O0051,CUS0147,2026-03-12,2026-03-20,Paid,Bank Slip,1975.09,São Paulo,Belo Horizonte,Esporte,Marketplace
O0052,CUS0346,2026-02-11,2026-02-16,Paid,Bank Slip,1994.63,Recife,Salvador,Mercado,App
O0053,CUS0340,2026-03-26,2026-03-28,Canceled,Pix,278.71,Campinas,Manaus,Moda,Marketplace
O0054,CUS0013,2026-02-09,2026-02-12,Created,Debit Card,2460.64,Porto Alegre,Curitiba,Esporte,App
O0055,CUS0197,2026-02-28,2026-03-05,Delivered,Bank Slip,647.69,Manaus,Porto Alegre,Mercado,Marketplace
O0056,CUS0113,2026-01-01,2026-01-09,Paid,Bank Slip,172.94,Rio de Janeiro,Recife,Moda,App
O0057,CUS0287,2026-02-28,2026-03-03,Canceled,Pix,2377.59,Recife,Manaus,Beleza,Marketplace
O0058,CUS0082,2026-03-06,2026-03-11,Delivered,Bank Slip,684.95,Salvador,Recife,Moda,Marketplace
O0059,CUS0321,2026-02-05,2026-02-13,Paid,Pix,1127.63,Salvador,Recife,Mercado,Website
O0060,CUS0277,2026-01-31,2026-02-04,Created,Debit Card,419.45,Belo Horizonte,Goiânia,Beleza,Marketplace
O0061,CUS0213,2026-01-20,2026-01-27,Delivered,Pix,1379.35,Porto Alegre,Rio de Janeiro,Beleza,App
O0062,CUS0300,2026-01-27,2026-02-04,Created,Bank Slip,1218.55,Goiânia,Recife,Casa,Website
O0063,CUS0280,2026-02-19,2026-02-27,Canceled,Debit Card,1246.11,Goiânia,Manaus,Casa,Website
O0064,CUS0343,2026-03-04,2026-03-06,Delivered,Debit Card,2109.22,Goiânia,Belo Horizonte,Moda,Marketplace
O0065,CUS0043,2026-03-10,2026-03-12,Delivered,Debit Card,2173.77,Goiânia,São Paulo,Moda,App
O0066,CUS0233,2026-02-03,2026-02-08,Shipped,Pix,1914.99,Belo Horizonte,Porto Alegre,Beleza,Website
O0067,CUS0010,2026-02-23,2026-02-27,Canceled,Credit Card,2499.77,Rio de Janeiro,Salvador,Casa,App
O0068,CUS0127,2026-03-25,2026-03-27,Paid,Credit Card,1572.23,São Paulo,Rio de Janeiro,Moda,App
O0069,CUS0239,2026-03-02,2026-03-09,Shipped,Pix,461.0,Rio de Janeiro,Campinas,Esporte,Marketplace
O0070,CUS0056,2026-01-15,2026-01-23,Canceled,Credit Card,2325.77,Curitiba,Belo Horizonte,Esporte,Marketplace
O0071,CUS0304,2026-02-18,2026-02-23,Paid,Credit Card,1758.09,Porto Alegre,Rio de Janeiro,Casa,Marketplace
O0072,CUS0178,2026-03-18,2026-03-26,Canceled,Bank Slip,1670.69,Rio de Janeiro,São Paulo,Eletrônicos,Marketplace
O0073,CUS0251,2026-03-24,2026-03-28,Created,Bank Slip,2403.93,São Paulo,Recife,Mercado,Website
O0074,CUS0334,2026-01-20,2026-01-25,Shipped,Bank Slip,1188.89,Curitiba,Manaus,Mercado,Marketplace
O0075,CUS0143,2026-02-04,2026-02-08,Delivered,Debit Card,1888.64,Porto Alegre,Rio de Janeiro,Esporte,Marketplace
O0076,CUS0254,2026-03-27,2026-04-01,Shipped,Debit Card,1244.45,Belo Horizonte,São Paulo,Casa,Website
O0077,CUS0285,2026-02-13,2026-02-17,Created,Debit Card,259.66,Manaus,Campinas,Mercado,Website
O0078,CUS0331,2026-03-04,2026-03-10,Delivered,Bank Slip,1992.66,Porto Alegre,Salvador,Eletrônicos,Website
O0079,CUS0340,2026-01-29,2026-02-03,Canceled,Pix,1209.44,Porto Alegre,Belo Horizonte,Esporte,Website
O0080,CUS0181,2026-02-24,2026-03-03,Delivered,Pix,801.16,Salvador,Belo Horizonte,Moda,App
O0081,CUS0095,2026-01-25,2026-01-29,Paid,Debit Card,1859.56,Rio de Janeiro,Manaus,Casa,Marketplace
O0082,CUS0052,2026-03-17,2026-03-25,Paid,Pix,607.26,Salvador,Campinas,Moda,Website
O0083,CUS0141,2026-01-02,2026-01-09,Created,Credit Card,1405.68,Salvador,Curitiba,Mercado,App
O0084,CUS0007,2026-03-23,2026-03-31,Canceled,Pix,1199.97,Recife,Rio de Janeiro,Beleza,Website
O0085,CUS0059,2026-01-24,2026-01-26,Created,Bank Slip,1254.73,Campinas,Salvador,Esporte,Marketplace
O0086,CUS0289,2026-03-29,2026-03-31,Shipped,Credit Card,2485.1,Curitiba,Porto Alegre,Eletrônicos,Marketplace
O0087,CUS0268,2026-02-23,2026-03-01,Delivered,Bank Slip,2275.83,Manaus,Porto Alegre,Casa,Marketplace
O0088,CUS0313,2026-02-24,2026-02-28,Created,Debit Card,1582.47,Manaus,São Paulo,Casa,Marketplace
O0089,CUS0283,2026-01-11,2026-01-14,Created,Debit Card,56.46,Porto Alegre,Curitiba,Beleza,Marketplace
O0090,CUS0119,2026-03-18,2026-03-23,Shipped,Pix,1772.29,Campinas,São Paulo,Beleza,App
O0091,CUS0218,2026-03-29,2026-04-01,Created,Debit Card,1636.67,Campinas,Porto Alegre,Casa,App
O0092,CUS0305,2026-01-10,2026-01-12,Canceled,Pix,1125.87,Curitiba,Belo Horizonte,Beleza,Marketplace
O0093,CUS0257,2026-02-08,2026-02-15,Canceled,Bank Slip,1122.45,Goiânia,Campinas,Esporte,App
O0094,CUS0014,2026-02-25,2026-03-04,Created,Debit Card,2406.68,Belo Horizonte,Campinas,Esporte,Marketplace
O0095,CUS0090,2026-01-03,2026-01-11,Delivered,Bank Slip,2294.37,Campinas,São Paulo,Moda,Marketplace
O0096,CUS0241,2026-02-25,2026-03-04,Shipped,Bank Slip,866.54,Recife,Rio de Janeiro,Mercado,App
O0097,CUS0148,2026-01-21,2026-01-25,Delivered,Credit Card,1164.27,Goiânia,Salvador,Casa,Website
O0098,CUS0001,2026-02-11,2026-02-13,Canceled,Bank Slip,1062.4,Goiânia,Manaus,Moda,Marketplace
O0099,CUS0027,2026-02-16,2026-02-22,Paid,Pix,1395.54,Recife,Salvador,Casa,Website
O0100,CUS0323,2026-03-31,2026-04-05,Canceled,Debit Card,1788.94,Rio de Janeiro,São Paulo,Casa,Marketplace
O0101,CUS0116,2026-01-02,2026-01-08,Created,Bank Slip,2370.29,Goiânia,Rio de Janeiro,Mercado,App
O0102,CUS0140,2026-03-05,2026-03-12,Delivered,Bank Slip,2451.6,Campinas,Manaus,Moda,Website
O0103,CUS0307,2026-03-12,2026-03-15,Canceled,Debit Card,2166.85,Goiânia,Porto Alegre,Casa,Website
O0104,CUS0002,2026-02-13,2026-02-21,Shipped,Pix,2101.8,Salvador,Campinas,Esporte,Marketplace
O0105,CUS0276,2026-03-04,2026-03-12,Delivered,Pix,864.41,Curitiba,Salvador,Esporte,Website
O0106,CUS0293,2026-02-28,2026-03-04,Delivered,Debit Card,2147.22,Porto Alegre,Campinas,Beleza,App
O0107,CUS0198,2026-02-10,2026-02-17,Paid,Bank Slip,2413.82,Recife,Goiânia,Moda,Marketplace
O0108,CUS0052,2026-03-17,2026-03-21,Canceled,Bank Slip,87.5,Rio de Janeiro,Salvador,Moda,Website
O0109,CUS0136,2026-03-25,2026-03-28,Shipped,Bank Slip,1642.06,Rio de Janeiro,Salvador,Casa,Marketplace
O0110,CUS0278,2026-03-10,2026-03-15,Created,Credit Card,625.11,Belo Horizonte,Salvador,Mercado,Website
O0111,CUS0051,2026-01-30,2026-02-06,Created,Bank Slip,457.51,Rio de Janeiro,Recife,Casa,App
O0112,CUS0184,2026-01-06,2026-01-10,Shipped,Bank Slip,406.56,São Paulo,Belo Horizonte,Esporte,Website
O0113,CUS0090,2026-03-14,2026-03-21,Created,Bank Slip,1568.25,Curitiba,Porto Alegre,Moda,Website
O0114,CUS0327,2026-03-16,2026-03-19,Shipped,Bank Slip,675.48,Porto Alegre,Salvador,Eletrônicos,Website
O0115,CUS0038,2026-02-06,2026-02-13,Delivered,Pix,2469.75,Salvador,Curitiba,Casa,Marketplace
O0116,CUS0155,2026-02-24,2026-03-03,Paid,Bank Slip,2140.66,Campinas,Salvador,Eletrônicos,App
O0117,CUS0152,2026-02-18,2026-02-24,Created,Bank Slip,722.4,Belo Horizonte,Campinas,Esporte,Marketplace
O0118,CUS0118,2026-01-07,2026-01-13,Canceled,Pix,586.48,Recife,Campinas,Moda,Marketplace
O0119,CUS0322,2026-02-02,2026-02-09,Created,Pix,1982.07,Curitiba,Rio de Janeiro,Eletrônicos,Marketplace
O0120,CUS0152,2026-02-16,2026-02-23,Shipped,Bank Slip,480.24,Curitiba,Rio de Janeiro,Moda,Marketplace
O0121,CUS0085,2026-02-16,2026-02-22,Shipped,Bank Slip,2420.09,Salvador,Campinas,Casa,Marketplace
O0122,CUS0039,2026-02-13,2026-02-21,Paid,Debit Card,2157.33,Rio de Janeiro,Salvador,Mercado,Marketplace
O0123,CUS0047,2026-02-20,2026-02-28,Delivered,Credit Card,697.85,Salvador,Belo Horizonte,Eletrônicos,Website
O0124,CUS0327,2026-02-17,2026-02-24,Shipped,Credit Card,1703.32,Campinas,Recife,Beleza,App
O0125,CUS0332,2026-03-21,2026-03-27,Created,Bank Slip,2277.99,Belo Horizonte,Porto Alegre,Casa,Marketplace
O0126,CUS0020,2026-02-22,2026-02-24,Shipped,Bank Slip,334.41,Curitiba,São Paulo,Moda,Marketplace
O0127,CUS0344,2026-01-18,2026-01-23,Canceled,Bank Slip,1488.94,Recife,Belo Horizonte,Mercado,App
O0128,CUS0316,2026-02-23,2026-03-02,Delivered,Pix,130.06,Rio de Janeiro,Salvador,Casa,App
O0129,CUS0051,2026-02-26,2026-03-03,Shipped,Pix,198.25,Porto Alegre,Goiânia,Casa,App
O0130,CUS0340,2026-01-16,2026-01-24,Paid,Credit Card,173.82,Recife,Rio de Janeiro,Casa,App
O0131,CUS0036,2026-01-17,2026-01-25,Canceled,Debit Card,1486.6,Manaus,Porto Alegre,Moda,Website
O0132,CUS0142,2026-01-19,2026-01-27,Paid,Debit Card,1373.48,Manaus,São Paulo,Moda,App
O0133,CUS0008,2026-03-26,2026-04-03,Shipped,Debit Card,1492.65,São Paulo,Porto Alegre,Eletrônicos,App
O0134,CUS0270,2026-02-03,2026-02-05,Created,Credit Card,1216.75,Curitiba,Recife,Casa,Marketplace
O0135,CUS0114,2026-03-17,2026-03-19,Canceled,Credit Card,1831.72,Recife,Manaus,Mercado,Marketplace
O0136,CUS0246,2026-02-08,2026-02-13,Delivered,Bank Slip,1730.91,São Paulo,Rio de Janeiro,Beleza,Marketplace
O0137,CUS0312,2026-02-26,2026-02-28,Paid,Credit Card,359.08,Rio de Janeiro,Goiânia,Esporte,Marketplace
O0138,CUS0306,2026-03-16,2026-03-22,Canceled,Pix,1161.55,Belo Horizonte,Recife,Esporte,Website
O0139,CUS0111,2026-01-13,2026-01-21,Delivered,Bank Slip,2225.81,Rio de Janeiro,Manaus,Beleza,Website
O0140,CUS0161,2026-02-28,2026-03-05,Delivered,Pix,1679.48,Goiânia,Rio de Janeiro,Casa,App
O0141,CUS0044,2026-03-29,2026-04-03,Created,Bank Slip,286.49,Rio de Janeiro,Curitiba,Mercado,Website
O0142,CUS0288,2026-01-17,2026-01-23,Shipped,Credit Card,1056.42,São Paulo,Manaus,Mercado,Website
O0143,CUS0181,2026-01-07,2026-01-11,Created,Debit Card,429.0,Manaus,Campinas,Beleza,App
O0144,CUS0059,2026-01-14,2026-01-18,Shipped,Debit Card,2027.67,Salvador,Belo Horizonte,Esporte,Marketplace
O0145,CUS0312,2026-03-20,2026-03-27,Shipped,Credit Card,491.94,Salvador,São Paulo,Mercado,Website
O0146,CUS0074,2026-02-13,2026-02-17,Canceled,Bank Slip,220.39,São Paulo,Porto Alegre,Mercado,Marketplace
O0147,CUS0193,2026-01-04,2026-01-06,Delivered,Bank Slip,885.13,Salvador,Porto Alegre,Casa,Website
O0148,CUS0027,2026-02-11,2026-02-19,Paid,Debit Card,1898.34,Manaus,Rio de Janeiro,Eletrônicos,Marketplace
O0149,CUS0249,2026-01-11,2026-01-15,Canceled,Bank Slip,1064.69,Recife,Goiânia,Moda,Marketplace
O0150,CUS0146,2026-01-15,2026-01-19,Canceled,Bank Slip,1340.94,Goiânia,Rio de Janeiro,Casa,App
O0151,CUS0004,2026-01-29,2026-02-03,Paid,Pix,2366.04,Manaus,São Paulo,Moda,Website
O0152,CUS0255,2026-02-07,2026-02-11,Delivered,Debit Card,366.42,Rio de Janeiro,São Paulo,Esporte,Marketplace
O0153,CUS0037,2026-01-30,2026-02-05,Delivered,Credit Card,1118.68,Salvador,Belo Horizonte,Beleza,App
O0154,CUS0328,2026-02-10,2026-02-16,Delivered,Pix,332.09,Goiânia,Recife,Eletrônicos,Website
O0155,CUS0186,2026-01-22,2026-01-30,Created,Bank Slip,2118.97,Manaus,Recife,Moda,Website
O0156,CUS0203,2026-03-17,2026-03-22,Shipped,Pix,592.77,Salvador,Rio de Janeiro,Moda,App
O0157,CUS0262,2026-03-07,2026-03-14,Paid,Pix,910.13,Rio de Janeiro,Manaus,Mercado,App
O0158,CUS0102,2026-01-31,2026-02-02,Paid,Debit Card,1912.5,Curitiba,Belo Horizonte,Mercado,App
O0159,CUS0289,2026-01-23,2026-01-31,Canceled,Bank Slip,1718.75,Recife,Salvador,Esporte,Marketplace
O0160,CUS0078,2026-03-23,2026-03-29,Delivered,Credit Card,1198.8,Belo Horizonte,Goiânia,Mercado,Website
O0161,CUS0260,2026-02-05,2026-02-11,Created,Pix,1181.22,São Paulo,Goiânia,Eletrônicos,App
O0162,CUS0331,2026-02-17,2026-02-25,Created,Bank Slip,1183.59,Campinas,Rio de Janeiro,Esporte,Marketplace
O0163,CUS0165,2026-01-06,2026-01-11,Canceled,Bank Slip,1278.3,Manaus,Porto Alegre,Eletrônicos,Website
O0164,CUS0259,2026-01-14,2026-01-22,Paid,Credit Card,656.9,Belo Horizonte,Rio de Janeiro,Beleza,Website
O0165,CUS0187,2026-03-09,2026-03-15,Shipped,Pix,999.11,Manaus,Curitiba,Casa,Marketplace
O0166,CUS0169,2026-03-18,2026-03-20,Created,Bank Slip,746.09,Belo Horizonte,Rio de Janeiro,Mercado,Marketplace
O0167,CUS0042,2026-03-19,2026-03-27,Canceled,Debit Card,2296.02,Curitiba,Goiânia,Casa,Marketplace
O0168,CUS0305,2026-03-31,2026-04-07,Created,Pix,1419.31,Goiânia,Curitiba,Mercado,Website
O0169,CUS0331,2026-01-17,2026-01-24,Delivered,Pix,94.57,Salvador,Rio de Janeiro,Casa,App
O0170,CUS0116,2026-01-28,2026-02-01,Paid,Debit Card,238.96,Recife,Porto Alegre,Eletrônicos,Marketplace
O0171,CUS0339,2026-03-11,2026-03-19,Shipped,Debit Card,1513.21,Salvador,São Paulo,Moda,App
O0172,CUS0225,2026-01-24,2026-02-01,Created,Bank Slip,942.47,Manaus,Curitiba,Mercado,App
O0173,CUS0120,2026-02-26,2026-03-04,Canceled,Debit Card,808.13,Campinas,Salvador,Beleza,App
O0174,CUS0237,2026-02-17,2026-02-24,Shipped,Bank Slip,1282.07,Manaus,Recife,Beleza,App
O0175,CUS0129,2026-01-26,2026-02-03,Created,Bank Slip,2191.57,Manaus,Curitiba,Esporte,App
O0176,CUS0043,2026-03-08,2026-03-16,Paid,Pix,1150.78,Rio de Janeiro,Belo Horizonte,Esporte,App
O0177,CUS0179,2026-02-25,2026-02-27,Created,Bank Slip,180.38,Porto Alegre,Salvador,Esporte,Website
O0178,CUS0115,2026-01-31,2026-02-05,Created,Pix,2330.52,Rio de Janeiro,Goiânia,Mercado,Marketplace
O0179,CUS0020,2026-02-12,2026-02-20,Shipped,Bank Slip,1755.35,Curitiba,Porto Alegre,Moda,Marketplace
O0180,CUS0041,2026-03-02,2026-03-07,Created,Pix,578.28,Manaus,São Paulo,Moda,Marketplace
O0181,CUS0148,2026-03-19,2026-03-25,Paid,Pix,348.44,Goiânia,Rio de Janeiro,Moda,Website
O0182,CUS0033,2026-03-23,2026-03-31,Created,Bank Slip,1511.97,Manaus,Recife,Eletrônicos,Marketplace
O0183,CUS0150,2026-03-07,2026-03-13,Delivered,Credit Card,1556.24,Porto Alegre,Curitiba,Moda,Marketplace
O0184,CUS0185,2026-02-23,2026-02-26,Created,Credit Card,1006.55,Rio de Janeiro,Manaus,Beleza,App
O0185,CUS0009,2026-03-23,2026-03-28,Shipped,Credit Card,894.7,Belo Horizonte,Campinas,Mercado,Marketplace
O0186,CUS0069,2026-03-22,2026-03-24,Created,Pix,1387.69,Manaus,Belo Horizonte,Mercado,App
O0187,CUS0070,2026-03-29,2026-04-03,Created,Bank Slip,140.51,Recife,Curitiba,Moda,App
O0188,CUS0264,2026-01-26,2026-01-28,Delivered,Bank Slip,670.54,Belo Horizonte,Campinas,Mercado,App
O0189,CUS0140,2026-02-06,2026-02-10,Created,Pix,1120.47,São Paulo,Goiânia,Beleza,Marketplace
O0190,CUS0255,2026-02-26,2026-03-03,Delivered,Pix,2314.55,Belo Horizonte,Curitiba,Esporte,Website
O0191,CUS0221,2026-01-11,2026-01-18,Canceled,Debit Card,1386.37,Goiânia,Rio de Janeiro,Casa,App
O0192,CUS0229,2026-01-11,2026-01-15,Canceled,Bank Slip,458.2,Campinas,Belo Horizonte,Beleza,Website
O0193,CUS0141,2026-02-27,2026-03-01,Created,Credit Card,1694.37,Belo Horizonte,Recife,Beleza,Website
O0194,CUS0074,2026-03-07,2026-03-15,Canceled,Bank Slip,135.16,Curitiba,São Paulo,Eletrônicos,App
O0195,CUS0291,2026-03-24,2026-03-28,Created,Debit Card,1713.67,Belo Horizonte,Recife,Casa,Website
O0196,CUS0272,2026-02-26,2026-03-06,Shipped,Bank Slip,820.18,Rio de Janeiro,Porto Alegre,Casa,App
O0197,CUS0266,2026-01-15,2026-01-17,Delivered,Credit Card,691.28,Curitiba,Salvador,Casa,Marketplace
O0198,CUS0252,2026-02-27,2026-03-02,Paid,Credit Card,382.45,Manaus,Campinas,Eletrônicos,Website
O0199,CUS0350,2026-01-23,2026-01-30,Shipped,Pix,1788.35,Recife,Rio de Janeiro,Esporte,Marketplace
O0200,CUS0186,2026-02-07,2026-02-11,Canceled,Debit Card,347.25,Curitiba,Porto Alegre,Moda,App
O0201,CUS0185,2026-01-31,2026-02-08,Canceled,Pix,1195.09,Recife,São Paulo,Esporte,App
O0202,CUS0204,2026-03-20,2026-03-22,Delivered,Bank Slip,1934.43,Rio de Janeiro,Belo Horizonte,Esporte,App
O0203,CUS0239,2026-01-17,2026-01-21,Canceled,Pix,364.33,Rio de Janeiro,Salvador,Esporte,Marketplace
O0204,CUS0258,2026-03-17,2026-03-20,Created,Credit Card,1319.3,Curitiba,Recife,Casa,App
O0205,CUS0266,2026-01-21,2026-01-25,Shipped,Credit Card,663.91,Porto Alegre,Goiânia,Mercado,Marketplace
O0206,CUS0048,2026-02-05,2026-02-08,Canceled,Debit Card,1499.89,Campinas,Manaus,Esporte,App
O0207,CUS0289,2026-01-22,2026-01-29,Created,Credit Card,248.9,Manaus,Belo Horizonte,Mercado,Marketplace
O0208,CUS0317,2026-02-03,2026-02-10,Created,Bank Slip,2228.03,Porto Alegre,Recife,Esporte,Website
O0209,CUS0208,2026-03-24,2026-03-28,Shipped,Bank Slip,228.69,Recife,Porto Alegre,Eletrônicos,App
O0210,CUS0105,2026-02-26,2026-03-03,Shipped,Debit Card,815.76,Recife,Salvador,Mercado,Website
O0211,CUS0264,2026-02-14,2026-02-19,Canceled,Credit Card,831.77,Curitiba,Goiânia,Beleza,App
O0212,CUS0050,2026-02-04,2026-02-09,Created,Pix,2366.19,Porto Alegre,Curitiba,Esporte,Website
O0213,CUS0296,2026-02-01,2026-02-09,Shipped,Debit Card,1919.62,Curitiba,Goiânia,Beleza,Marketplace
O0214,CUS0012,2026-03-01,2026-03-06,Created,Bank Slip,1288.29,Campinas,Salvador,Moda,App
O0215,CUS0145,2026-03-16,2026-03-20,Delivered,Bank Slip,750.01,São Paulo,Rio de Janeiro,Eletrônicos,App
O0216,CUS0207,2026-02-25,2026-02-28,Shipped,Credit Card,1031.37,Campinas,Goiânia,Esporte,Marketplace
O0217,CUS0038,2026-01-25,2026-01-29,Delivered,Bank Slip,1922.77,Salvador,Campinas,Casa,Marketplace
O0218,CUS0050,2026-03-29,2026-04-04,Delivered,Pix,1997.48,Rio de Janeiro,Porto Alegre,Casa,Marketplace
O0219,CUS0309,2026-02-16,2026-02-24,Canceled,Bank Slip,1275.14,Curitiba,Campinas,Eletrônicos,App
O0220,CUS0266,2026-01-18,2026-01-25,Delivered,Debit Card,1535.3,Belo Horizonte,Salvador,Esporte,App
O0221,CUS0202,2026-02-11,2026-02-17,Canceled,Pix,1504.58,Belo Horizonte,Curitiba,Esporte,Marketplace
O0222,CUS0244,2026-03-10,2026-03-15,Created,Pix,861.47,Manaus,Campinas,Eletrônicos,Website
O0223,CUS0136,2026-03-16,2026-03-20,Canceled,Debit Card,1817.4,São Paulo,Salvador,Esporte,Website
O0224,CUS0076,2026-01-22,2026-01-28,Paid,Credit Card,1452.75,Manaus,Goiânia,Mercado,App
O0225,CUS0215,2026-01-25,2026-01-27,Paid,Bank Slip,1741.69,Recife,Belo Horizonte,Beleza,Marketplace
O0226,CUS0266,2026-03-20,2026-03-25,Paid,Pix,2495.4,São Paulo,Porto Alegre,Beleza,Marketplace
O0227,CUS0273,2026-02-18,2026-02-22,Shipped,Pix,1705.85,Curitiba,Salvador,Mercado,Marketplace
O0228,CUS0099,2026-03-24,2026-04-01,Paid,Pix,1417.27,Campinas,Salvador,Moda,Website
O0229,CUS0163,2026-02-06,2026-02-13,Delivered,Pix,1423.15,Porto Alegre,Salvador,Mercado,Website
O0230,CUS0195,2026-02-06,2026-02-08,Delivered,Pix,2388.79,Manaus,Salvador,Moda,Website
O0231,CUS0227,2026-01-06,2026-01-10,Shipped,Bank Slip,574.19,Rio de Janeiro,Goiânia,Esporte,Website
O0232,CUS0056,2026-03-13,2026-03-20,Canceled,Debit Card,643.95,Campinas,Curitiba,Mercado,Marketplace
O0233,CUS0052,2026-01-29,2026-02-05,Delivered,Pix,1807.5,Porto Alegre,São Paulo,Eletrônicos,Marketplace
O0234,CUS0209,2026-01-18,2026-01-20,Delivered,Bank Slip,1643.78,Salvador,Curitiba,Casa,Website
O0235,CUS0334,2026-02-06,2026-02-13,Canceled,Debit Card,1361.08,São Paulo,Curitiba,Mercado,App
O0236,CUS0204,2026-01-23,2026-01-28,Delivered,Debit Card,2344.69,Curitiba,São Paulo,Casa,App
O0237,CUS0172,2026-01-02,2026-01-06,Shipped,Bank Slip,2473.29,Manaus,Rio de Janeiro,Esporte,Marketplace
O0238,CUS0140,2026-03-05,2026-03-08,Paid,Credit Card,860.11,Salvador,Recife,Mercado,Website
O0239,CUS0173,2026-03-24,2026-03-28,Shipped,Debit Card,479.88,Curitiba,São Paulo,Mercado,Website
O0240,CUS0206,2026-02-24,2026-03-02,Created,Debit Card,2455.13,Belo Horizonte,Rio de Janeiro,Beleza,Website
O0241,CUS0121,2026-02-01,2026-02-03,Delivered,Pix,2387.38,Campinas,Recife,Casa,Marketplace
O0242,CUS0121,2026-03-15,2026-03-17,Created,Credit Card,1190.16,Campinas,Goiânia,Moda,Website
O0243,CUS0328,2026-03-29,2026-04-04,Shipped,Pix,1555.79,Campinas,Rio de Janeiro,Moda,App
O0244,CUS0213,2026-03-03,2026-03-06,Canceled,Bank Slip,1905.48,Recife,Belo Horizonte,Mercado,App
O0245,CUS0270,2026-02-01,2026-02-08,Delivered,Pix,241.26,Manaus,Rio de Janeiro,Esporte,App
O0246,CUS0104,2026-01-08,2026-01-16,Canceled,Debit Card,453.03,Salvador,Manaus,Esporte,Website
O0247,CUS0047,2026-01-15,2026-01-22,Canceled,Bank Slip,2031.28,Porto Alegre,Salvador,Beleza,App
O0248,CUS0287,2026-03-07,2026-03-12,Delivered,Pix,1822.01,Recife,São Paulo,Beleza,Website
O0249,CUS0024,2026-01-01,2026-01-08,Delivered,Pix,1765.91,Porto Alegre,Rio de Janeiro,Esporte,App
O0250,CUS0210,2026-01-09,2026-01-14,Paid,Debit Card,1926.25,São Paulo,Belo Horizonte,Mercado,Marketplace
O0251,CUS0194,2026-02-23,2026-02-27,Delivered,Credit Card,1722.66,Goiânia,Salvador,Mercado,Marketplace
O0252,CUS0092,2026-01-18,2026-01-25,Canceled,Bank Slip,1345.62,Belo Horizonte,Rio de Janeiro,Mercado,App
O0253,CUS0238,2026-01-01,2026-01-09,Canceled,Bank Slip,1353.19,São Paulo,Belo Horizonte,Moda,App
O0254,CUS0097,2026-02-28,2026-03-04,Created,Credit Card,2033.2,Curitiba,Belo Horizonte,Beleza,Marketplace
O0255,CUS0052,2026-01-03,2026-01-06,Canceled,Credit Card,1143.73,Porto Alegre,Rio de Janeiro,Mercado,Marketplace
O0256,CUS0225,2026-01-07,2026-01-10,Paid,Debit Card,1898.22,São Paulo,Recife,Eletrônicos,App
O0257,CUS0296,2026-03-06,2026-03-10,Canceled,Pix,630.34,Porto Alegre,Goiânia,Moda,Marketplace
O0258,CUS0141,2026-03-08,2026-03-11,Created,Debit Card,1583.65,Goiânia,Campinas,Beleza,Marketplace
O0259,CUS0269,2026-03-05,2026-03-07,Shipped,Bank Slip,1050.18,Belo Horizonte,Recife,Casa,Website
O0260,CUS0124,2026-01-24,2026-02-01,Paid,Pix,2150.96,Salvador,Recife,Moda,Website
O0261,CUS0286,2026-01-08,2026-01-14,Canceled,Debit Card,1001.57,Goiânia,Recife,Casa,App
O0262,CUS0190,2026-02-12,2026-02-19,Created,Debit Card,176.17,Rio de Janeiro,Salvador,Beleza,Marketplace
O0263,CUS0097,2026-03-19,2026-03-25,Canceled,Debit Card,1224.46,São Paulo,Curitiba,Casa,Website
O0264,CUS0246,2026-01-02,2026-01-05,Paid,Debit Card,1021.69,Porto Alegre,Rio de Janeiro,Moda,Marketplace
O0265,CUS0239,2026-02-11,2026-02-19,Canceled,Pix,805.57,Campinas,Recife,Casa,Marketplace
O0266,CUS0164,2026-03-05,2026-03-10,Paid,Pix,816.59,Rio de Janeiro,Salvador,Eletrônicos,Marketplace
O0267,CUS0134,2026-01-29,2026-02-05,Canceled,Bank Slip,773.15,Curitiba,São Paulo,Moda,Website
O0268,CUS0256,2026-01-30,2026-02-04,Canceled,Pix,680.38,Manaus,Porto Alegre,Beleza,Marketplace
O0269,CUS0087,2026-03-24,2026-03-31,Shipped,Debit Card,392.81,Recife,Salvador,Esporte,Website
O0270,CUS0018,2026-01-24,2026-01-30,Created,Credit Card,1922.61,São Paulo,Manaus,Beleza,App
O0271,CUS0005,2026-03-22,2026-03-25,Paid,Bank Slip,964.28,Rio de Janeiro,Porto Alegre,Esporte,Marketplace
O0272,CUS0009,2026-03-27,2026-04-02,Created,Bank Slip,78.94,Recife,Salvador,Esporte,Marketplace
O0273,CUS0258,2026-02-05,2026-02-11,Delivered,Debit Card,312.1,Campinas,São Paulo,Eletrônicos,Marketplace
O0274,CUS0130,2026-01-20,2026-01-23,Shipped,Pix,1997.57,Porto Alegre,Manaus,Eletrônicos,Website
O0275,CUS0116,2026-02-21,2026-02-26,Shipped,Credit Card,1651.62,Manaus,Porto Alegre,Mercado,App
O0276,CUS0283,2026-01-12,2026-01-17,Delivered,Credit Card,1610.0,Goiânia,Recife,Mercado,App
O0277,CUS0290,2026-01-11,2026-01-16,Created,Credit Card,612.85,Goiânia,Belo Horizonte,Mercado,Marketplace
O0278,CUS0144,2026-03-02,2026-03-06,Canceled,Credit Card,489.34,São Paulo,Curitiba,Casa,App
O0279,CUS0040,2026-01-27,2026-02-02,Shipped,Debit Card,1431.65,Curitiba,Recife,Esporte,Website
O0280,CUS0072,2026-03-28,2026-04-03,Created,Pix,181.46,Belo Horizonte,Recife,Beleza,App
O0281,CUS0168,2026-01-10,2026-01-14,Created,Pix,1969.67,Manaus,Goiânia,Beleza,Website
O0282,CUS0222,2026-01-30,2026-02-03,Paid,Bank Slip,259.86,Salvador,Goiânia,Esporte,Website
O0283,CUS0138,2026-02-01,2026-02-08,Paid,Bank Slip,1793.58,Rio de Janeiro,Curitiba,Mercado,App
O0284,CUS0047,2026-02-19,2026-02-23,Created,Pix,1139.55,Belo Horizonte,Rio de Janeiro,Casa,App
O0285,CUS0230,2026-01-17,2026-01-19,Canceled,Bank Slip,302.98,Curitiba,Recife,Eletrônicos,Website
O0286,CUS0198,2026-03-12,2026-03-14,Created,Pix,1063.78,Manaus,Belo Horizonte,Eletrônicos,Marketplace
O0287,CUS0087,2026-03-13,2026-03-16,Delivered,Debit Card,390.07,Manaus,Salvador,Casa,Website
O0288,CUS0223,2026-03-05,2026-03-08,Shipped,Bank Slip,784.32,Rio de Janeiro,Porto Alegre,Eletrônicos,Website
O0289,CUS0235,2026-02-02,2026-02-05,Created,Debit Card,796.34,Recife,Porto Alegre,Beleza,Website
O0290,CUS0172,2026-03-21,2026-03-26,Delivered,Debit Card,786.0,Belo Horizonte,Salvador,Esporte,Marketplace
O0291,CUS0204,2026-01-26,2026-01-31,Shipped,Pix,1850.42,Belo Horizonte,Curitiba,Mercado,Website
O0292,CUS0193,2026-03-15,2026-03-23,Shipped,Bank Slip,944.22,Porto Alegre,Goiânia,Esporte,App
O0293,CUS0014,2026-03-17,2026-03-23,Delivered,Debit Card,1124.16,Curitiba,Manaus,Casa,Marketplace
O0294,CUS0072,2026-01-09,2026-01-17,Shipped,Debit Card,669.0,Goiânia,Salvador,Moda,Marketplace
O0295,CUS0230,2026-02-24,2026-03-04,Canceled,Bank Slip,1476.46,Goiânia,Rio de Janeiro,Esporte,Marketplace
O0296,CUS0185,2026-03-30,2026-04-04,Canceled,Credit Card,317.87,Salvador,São Paulo,Moda,Marketplace
O0297,CUS0289,2026-03-27,2026-03-31,Delivered,Pix,2416.0,Curitiba,São Paulo,Beleza,App
O0298,CUS0262,2026-01-02,2026-01-04,Canceled,Debit Card,1142.1,Campinas,Porto Alegre,Beleza,Website
O0299,CUS0177,2026-03-28,2026-04-03,Created,Bank Slip,306.06,Salvador,Curitiba,Beleza,App
O0300,CUS0160,2026-01-15,2026-01-23,Shipped,Bank Slip,1971.44,Curitiba,Goiânia,Esporte,Website
O0301,CUS0232,2026-02-14,2026-02-19,Shipped,Credit Card,785.58,Rio de Janeiro,Salvador,Mercado,App
O0302,CUS0347,2026-01-03,2026-01-11,Paid,Debit Card,1314.14,Belo Horizonte,Rio de Janeiro,Esporte,App
O0303,CUS0119,2026-02-12,2026-02-18,Delivered,Debit Card,506.57,Goiânia,Salvador,Mercado,Website
O0304,CUS0231,2026-02-20,2026-02-22,Canceled,Bank Slip,1002.59,Manaus,Porto Alegre,Mercado,App
O0305,CUS0275,2026-01-27,2026-01-31,Paid,Pix,848.6,Rio de Janeiro,Curitiba,Beleza,App
O0306,CUS0328,2026-02-03,2026-02-10,Shipped,Bank Slip,1547.67,Recife,Manaus,Esporte,App
O0307,CUS0345,2026-02-14,2026-02-18,Shipped,Credit Card,1696.64,Recife,Curitiba,Casa,App
O0308,CUS0192,2026-01-31,2026-02-04,Paid,Bank Slip,1074.63,Rio de Janeiro,Porto Alegre,Moda,Marketplace
O0309,CUS0326,2026-02-19,2026-02-24,Canceled,Debit Card,1409.49,Curitiba,Salvador,Beleza,Website
O0310,CUS0318,2026-01-18,2026-01-21,Created,Pix,2382.01,Belo Horizonte,Salvador,Beleza,App
O0311,CUS0259,2026-01-25,2026-02-02,Delivered,Bank Slip,1727.48,Goiânia,Manaus,Beleza,Marketplace
O0312,CUS0290,2026-02-26,2026-03-03,Created,Debit Card,765.55,Curitiba,Rio de Janeiro,Casa,App
O0313,CUS0290,2026-03-10,2026-03-14,Delivered,Credit Card,1453.11,Curitiba,Salvador,Casa,Marketplace
O0314,CUS0280,2026-02-16,2026-02-22,Paid,Bank Slip,300.83,São Paulo,Salvador,Mercado,App
O0315,CUS0135,2026-02-08,2026-02-16,Shipped,Credit Card,1125.67,São Paulo,Salvador,Eletrônicos,App
O0316,CUS0313,2026-01-27,2026-02-04,Delivered,Debit Card,1559.53,Manaus,Belo Horizonte,Moda,App
O0317,CUS0144,2026-01-08,2026-01-14,Canceled,Debit Card,842.88,Belo Horizonte,Manaus,Mercado,Website
O0318,CUS0348,2026-02-07,2026-02-13,Created,Debit Card,2408.79,Campinas,Manaus,Beleza,App
O0319,CUS0128,2026-02-05,2026-02-13,Paid,Pix,2079.76,Curitiba,Porto Alegre,Mercado,Website
O0320,CUS0322,2026-03-04,2026-03-07,Delivered,Bank Slip,1157.32,Manaus,Campinas,Mercado,App
O0321,CUS0233,2026-02-21,2026-02-27,Delivered,Pix,1475.75,Campinas,Goiânia,Mercado,App
O0322,CUS0274,2026-02-28,2026-03-07,Delivered,Debit Card,2421.91,Belo Horizonte,Rio de Janeiro,Moda,Website
O0323,CUS0281,2026-02-04,2026-02-08,Canceled,Debit Card,1437.0,Campinas,Goiânia,Beleza,Website
O0324,CUS0051,2026-03-29,2026-04-06,Delivered,Credit Card,354.29,São Paulo,Rio de Janeiro,Moda,Website
O0325,CUS0068,2026-02-28,2026-03-02,Shipped,Debit Card,2192.32,Goiânia,Porto Alegre,Casa,App
O0326,CUS0191,2026-03-25,2026-03-29,Paid,Credit Card,1020.98,Campinas,Rio de Janeiro,Casa,Marketplace
O0327,CUS0336,2026-03-31,2026-04-08,Created,Credit Card,52.56,Porto Alegre,Recife,Beleza,App
O0328,CUS0349,2026-01-17,2026-01-23,Delivered,Credit Card,69.65,Porto Alegre,Manaus,Casa,App
O0329,CUS0037,2026-02-24,2026-03-03,Paid,Bank Slip,268.77,Curitiba,Salvador,Eletrônicos,App
O0330,CUS0196,2026-02-10,2026-02-14,Paid,Debit Card,217.52,Campinas,Curitiba,Esporte,App
O0331,CUS0180,2026-03-20,2026-03-27,Paid,Debit Card,2303.73,Curitiba,Salvador,Esporte,Marketplace
O0332,CUS0052,2026-02-26,2026-03-06,Paid,Credit Card,1494.42,Porto Alegre,Rio de Janeiro,Beleza,Website
O0333,CUS0142,2026-02-24,2026-02-28,Created,Debit Card,1405.78,Curitiba,Campinas,Esporte,Marketplace
O0334,CUS0106,2026-03-19,2026-03-23,Canceled,Debit Card,1882.19,São Paulo,Belo Horizonte,Casa,Marketplace
O0335,CUS0198,2026-01-07,2026-01-15,Created,Debit Card,1273.93,Porto Alegre,Salvador,Esporte,App
O0336,CUS0068,2026-03-09,2026-03-11,Delivered,Bank Slip,945.2,Belo Horizonte,Goiânia,Mercado,App
O0337,CUS0301,2026-03-02,2026-03-10,Created,Credit Card,692.28,Rio de Janeiro,São Paulo,Eletrônicos,App
O0338,CUS0213,2026-02-20,2026-02-26,Delivered,Bank Slip,251.86,Campinas,Manaus,Esporte,Marketplace
O0339,CUS0159,2026-03-20,2026-03-23,Created,Debit Card,2437.07,Campinas,Rio de Janeiro,Moda,Marketplace
O0340,CUS0159,2026-02-11,2026-02-16,Delivered,Debit Card,191.78,Manaus,Rio de Janeiro,Eletrônicos,Website
O0341,CUS0159,2026-01-15,2026-01-20,Paid,Credit Card,80.93,Manaus,São Paulo,Moda,Marketplace
O0342,CUS0268,2026-01-02,2026-01-05,Canceled,Pix,458.98,Recife,Belo Horizonte,Moda,Marketplace
O0343,CUS0172,2026-02-04,2026-02-11,Delivered,Pix,1333.4,Rio de Janeiro,São Paulo,Casa,Marketplace
O0344,CUS0234,2026-03-15,2026-03-22,Canceled,Pix,185.73,Rio de Janeiro,Salvador,Esporte,App
O0345,CUS0294,2026-02-17,2026-02-20,Created,Debit Card,1864.88,Campinas,Rio de Janeiro,Eletrônicos,App
O0346,CUS0187,2026-01-02,2026-01-05,Delivered,Debit Card,488.37,São Paulo,Salvador,Eletrônicos,Marketplace
O0347,CUS0128,2026-03-25,2026-03-30,Delivered,Pix,714.51,Porto Alegre,Goiânia,Eletrônicos,Marketplace
O0348,CUS0092,2026-02-17,2026-02-19,Paid,Credit Card,2387.49,Salvador,São Paulo,Eletrônicos,Website
O0349,CUS0045,2026-02-06,2026-02-14,Canceled,Bank Slip,69.43,Campinas,Goiânia,Moda,Website
O0350,CUS0238,2026-03-14,2026-03-22,Shipped,Bank Slip,2494.58,Campinas,Porto Alegre,Moda,Marketplace
O0351,CUS0004,2026-03-11,2026-03-19,Delivered,Credit Card,620.77,Porto Alegre,Curitiba,Casa,Marketplace
O0352,CUS0337,2026-03-30,2026-04-01,Delivered,Pix,304.59,Belo Horizonte,São Paulo,Esporte,App
O0353,CUS0144,2026-02-23,2026-02-28,Created,Credit Card,2307.11,São Paulo,Porto Alegre,Esporte,Website
O0354,CUS0298,2026-03-31,2026-04-04,Created,Debit Card,1611.14,Recife,Rio de Janeiro,Beleza,App
O0355,CUS0340,2026-03-17,2026-03-23,Paid,Debit Card,764.54,São Paulo,Recife,Casa,Website
O0356,CUS0232,2026-03-31,2026-04-08,Shipped,Debit Card,232.89,Belo Horizonte,Goiânia,Moda,App
O0357,CUS0085,2026-03-16,2026-03-18,Delivered,Bank Slip,819.31,Curitiba,Rio de Janeiro,Eletrônicos,Marketplace
O0358,CUS0158,2026-02-15,2026-02-23,Delivered,Pix,2138.57,Porto Alegre,Salvador,Eletrônicos,App
O0359,CUS0111,2026-03-29,2026-04-02,Shipped,Debit Card,273.38,Manaus,São Paulo,Moda,Website
O0360,CUS0134,2026-02-20,2026-02-26,Paid,Credit Card,2382.63,São Paulo,Belo Horizonte,Beleza,Marketplace
O0361,CUS0053,2026-03-12,2026-03-15,Paid,Credit Card,79.2,Rio de Janeiro,Salvador,Moda,App
O0362,CUS0323,2026-01-26,2026-02-03,Created,Pix,2297.69,Goiânia,Belo Horizonte,Eletrônicos,App
O0363,CUS0048,2026-01-09,2026-01-12,Shipped,Credit Card,154.51,Recife,Curitiba,Beleza,App
O0364,CUS0255,2026-01-22,2026-01-28,Created,Bank Slip,1723.84,Goiânia,Recife,Moda,Website
O0365,CUS0229,2026-01-28,2026-01-31,Paid,Credit Card,1554.52,Campinas,Belo Horizonte,Esporte,App
O0366,CUS0282,2026-03-24,2026-03-28,Delivered,Credit Card,264.83,Recife,Goiânia,Beleza,App
O0367,CUS0323,2026-02-23,2026-02-26,Canceled,Credit Card,2474.04,Salvador,Porto Alegre,Mercado,Website
O0368,CUS0290,2026-03-03,2026-03-09,Canceled,Pix,1001.47,Recife,Belo Horizonte,Moda,App
O0369,CUS0144,2026-02-10,2026-02-16,Created,Bank Slip,1347.06,Porto Alegre,São Paulo,Esporte,App
O0370,CUS0137,2026-01-21,2026-01-23,Canceled,Credit Card,1921.9,Porto Alegre,Campinas,Moda,Marketplace
O0371,CUS0122,2026-02-19,2026-02-23,Canceled,Pix,2025.2,Curitiba,Porto Alegre,Mercado,Website
O0372,CUS0289,2026-03-17,2026-03-19,Paid,Bank Slip,1378.16,Belo Horizonte,Curitiba,Moda,Website
O0373,CUS0309,2026-01-05,2026-01-07,Paid,Credit Card,1339.75,São Paulo,Campinas,Eletrônicos,Website
O0374,CUS0091,2026-03-20,2026-03-23,Shipped,Credit Card,103.59,Curitiba,Goiânia,Esporte,Marketplace
O0375,CUS0187,2026-01-19,2026-01-27,Created,Pix,1776.09,Rio de Janeiro,Manaus,Mercado,Website
O0376,CUS0166,2026-03-17,2026-03-19,Paid,Debit Card,1844.24,Belo Horizonte,Campinas,Beleza,Marketplace
O0377,CUS0288,2026-03-04,2026-03-11,Canceled,Pix,596.85,Belo Horizonte,Curitiba,Esporte,App
O0378,CUS0091,2026-02-18,2026-02-22,Created,Bank Slip,2134.34,Campinas,Curitiba,Esporte,App
O0379,CUS0328,2026-01-24,2026-01-30,Canceled,Credit Card,2344.88,Belo Horizonte,Porto Alegre,Moda,Website
O0380,CUS0086,2026-01-10,2026-01-13,Created,Pix,1144.19,Belo Horizonte,Goiânia,Casa,App
O0381,CUS0132,2026-02-01,2026-02-08,Created,Credit Card,167.87,Rio de Janeiro,Goiânia,Beleza,Marketplace
O0382,CUS0194,2026-02-23,2026-02-26,Shipped,Bank Slip,298.41,Goiânia,Salvador,Beleza,Marketplace
O0383,CUS0232,2026-03-25,2026-04-02,Created,Credit Card,772.46,Porto Alegre,Curitiba,Casa,Website
O0384,CUS0193,2026-01-14,2026-01-16,Paid,Credit Card,1390.22,Belo Horizonte,Curitiba,Eletrônicos,Website
O0385,CUS0221,2026-03-18,2026-03-24,Paid,Bank Slip,434.82,Recife,São Paulo,Eletrônicos,Website
O0386,CUS0277,2026-01-27,2026-01-30,Shipped,Pix,778.56,Goiânia,Manaus,Eletrônicos,App
O0387,CUS0079,2026-02-20,2026-02-26,Created,Pix,59.25,Salvador,Recife,Eletrônicos,Website
O0388,CUS0103,2026-03-26,2026-04-02,Created,Credit Card,556.96,Manaus,Recife,Mercado,Website
O0389,CUS0204,2026-01-11,2026-01-16,Delivered,Bank Slip,2242.44,Rio de Janeiro,Belo Horizonte,Casa,App
O0390,CUS0190,2026-03-24,2026-03-30,Delivered,Pix,507.05,Goiânia,Curitiba,Eletrônicos,Website
O0391,CUS0138,2026-02-26,2026-03-03,Canceled,Credit Card,420.19,Campinas,Porto Alegre,Mercado,Marketplace
O0392,CUS0212,2026-01-13,2026-01-15,Canceled,Debit Card,1406.28,Belo Horizonte,Manaus,Beleza,Marketplace
O0393,CUS0244,2026-02-23,2026-03-01,Shipped,Credit Card,1017.21,Recife,Porto Alegre,Mercado,App
O0394,CUS0062,2026-03-06,2026-03-12,Delivered,Debit Card,2375.2,Salvador,Curitiba,Moda,App
O0395,CUS0041,2026-01-25,2026-01-28,Delivered,Debit Card,2493.31,São Paulo,Recife,Mercado,App
O0396,CUS0045,2026-03-18,2026-03-22,Delivered,Bank Slip,1402.49,Belo Horizonte,Rio de Janeiro,Casa,Marketplace
O0397,CUS0215,2026-02-28,2026-03-08,Created,Bank Slip,416.54,São Paulo,Manaus,Esporte,Marketplace
O0398,CUS0289,2026-03-16,2026-03-24,Created,Pix,2175.3,Rio de Janeiro,Curitiba,Casa,Website
O0399,CUS0020,2026-02-03,2026-02-08,Paid,Pix,1037.23,Recife,Salvador,Esporte,Marketplace
O0400,CUS0203,2026-03-29,2026-04-05,Shipped,Debit Card,170.67,Goiânia,São Paulo,Beleza,Website
O0401,CUS0160,2026-02-17,2026-02-19,Shipped,Bank Slip,2152.66,Belo Horizonte,Campinas,Mercado,App
O0402,CUS0165,2026-01-30,2026-02-02,Shipped,Bank Slip,1532.16,Campinas,Salvador,Eletrônicos,App
O0403,CUS0265,2026-02-26,2026-03-01,Shipped,Credit Card,1312.36,Goiânia,Salvador,Moda,App
O0404,CUS0070,2026-02-09,2026-02-16,Canceled,Credit Card,475.57,Salvador,Goiânia,Moda,App
O0405,CUS0185,2026-02-01,2026-02-03,Paid,Pix,952.4,Recife,São Paulo,Beleza,Marketplace
O0406,CUS0124,2026-02-20,2026-02-27,Shipped,Bank Slip,1505.37,Rio de Janeiro,São Paulo,Moda,Website
O0407,CUS0084,2026-03-17,2026-03-23,Shipped,Credit Card,748.35,Belo Horizonte,Goiânia,Beleza,App
O0408,CUS0114,2026-01-21,2026-01-29,Paid,Debit Card,709.18,Manaus,Porto Alegre,Beleza,Marketplace
O0409,CUS0068,2026-01-03,2026-01-11,Paid,Credit Card,598.16,São Paulo,Salvador,Esporte,Website
O0410,CUS0179,2026-03-24,2026-03-28,Delivered,Pix,584.53,Goiânia,Recife,Casa,Marketplace
O0411,CUS0300,2026-03-08,2026-03-16,Created,Credit Card,1303.16,Manaus,Goiânia,Mercado,Website
O0412,CUS0153,2026-03-13,2026-03-20,Created,Bank Slip,206.31,Manaus,Campinas,Casa,Marketplace
O0413,CUS0336,2026-02-11,2026-02-19,Shipped,Debit Card,417.24,Campinas,Belo Horizonte,Moda,App
O0414,CUS0014,2026-03-18,2026-03-23,Delivered,Pix,685.52,Belo Horizonte,Curitiba,Beleza,Website
O0415,CUS0176,2026-02-19,2026-02-26,Paid,Bank Slip,2270.98,São Paulo,Campinas,Mercado,Website
O0416,CUS0093,2026-03-06,2026-03-10,Shipped,Credit Card,1203.36,Curitiba,Manaus,Mercado,Website
O0417,CUS0336,2026-03-13,2026-03-21,Created,Debit Card,920.38,Curitiba,Goiânia,Mercado,Website
O0418,CUS0134,2026-02-23,2026-03-03,Canceled,Pix,1186.16,Belo Horizonte,Goiânia,Eletrônicos,Website
O0419,CUS0242,2026-01-07,2026-01-15,Paid,Credit Card,2175.36,Manaus,Rio de Janeiro,Beleza,Marketplace
O0420,CUS0071,2026-02-08,2026-02-13,Paid,Pix,1052.46,São Paulo,Porto Alegre,Esporte,Website
O0421,CUS0250,2026-01-19,2026-01-23,Shipped,Debit Card,817.8,Curitiba,Rio de Janeiro,Eletrônicos,App
O0422,CUS0296,2026-02-27,2026-03-03,Paid,Bank Slip,1973.75,Porto Alegre,Curitiba,Eletrônicos,App
O0423,CUS0220,2026-03-20,2026-03-25,Delivered,Bank Slip,61.34,Goiânia,Recife,Esporte,App
O0424,CUS0098,2026-02-17,2026-02-19,Created,Credit Card,1585.35,Belo Horizonte,Manaus,Moda,App
O0425,CUS0053,2026-03-30,2026-04-03,Delivered,Pix,459.12,Campinas,Curitiba,Eletrônicos,Website
O0426,CUS0173,2026-02-07,2026-02-12,Delivered,Debit Card,889.63,Salvador,Manaus,Beleza,Website
O0427,CUS0117,2026-01-25,2026-01-28,Paid,Debit Card,567.34,Goiânia,São Paulo,Eletrônicos,Marketplace
O0428,CUS0334,2026-03-06,2026-03-09,Created,Bank Slip,2197.52,Rio de Janeiro,Goiânia,Casa,Marketplace
O0429,CUS0339,2026-03-21,2026-03-23,Created,Credit Card,168.08,Manaus,São Paulo,Eletrônicos,Website
O0430,CUS0130,2026-02-26,2026-03-03,Delivered,Debit Card,553.38,Rio de Janeiro,Manaus,Mercado,Marketplace
O0431,CUS0340,2026-01-02,2026-01-06,Canceled,Pix,1575.82,Goiânia,Rio de Janeiro,Mercado,App
O0432,CUS0317,2026-02-23,2026-03-03,Created,Pix,329.24,Rio de Janeiro,Manaus,Eletrônicos,Website
O0433,CUS0268,2026-01-26,2026-02-01,Paid,Pix,1773.39,Porto Alegre,Belo Horizonte,Casa,App
O0434,CUS0247,2026-01-06,2026-01-12,Shipped,Debit Card,56.61,Recife,Porto Alegre,Mercado,App
O0435,CUS0077,2026-01-15,2026-01-23,Created,Credit Card,1822.7,Manaus,Recife,Eletrônicos,Website
O0436,CUS0136,2026-03-24,2026-03-27,Delivered,Credit Card,294.44,Recife,Campinas,Moda,App
O0437,CUS0060,2026-02-07,2026-02-11,Created,Credit Card,73.6,Belo Horizonte,Recife,Moda,Marketplace
O0438,CUS0225,2026-03-24,2026-03-27,Canceled,Pix,2202.25,Belo Horizonte,Goiânia,Eletrônicos,Website
O0439,CUS0205,2026-02-13,2026-02-16,Delivered,Pix,2097.47,Rio de Janeiro,Recife,Mercado,Website
O0440,CUS0068,2026-02-23,2026-03-02,Created,Debit Card,304.01,Curitiba,Rio de Janeiro,Esporte,Website
O0441,CUS0313,2026-03-14,2026-03-21,Delivered,Pix,1547.79,Recife,Curitiba,Mercado,Marketplace
O0442,CUS0211,2026-01-17,2026-01-22,Delivered,Credit Card,205.08,Recife,Rio de Janeiro,Mercado,Website
O0443,CUS0343,2026-01-02,2026-01-09,Shipped,Credit Card,1110.42,Salvador,Porto Alegre,Mercado,App
O0444,CUS0286,2026-03-03,2026-03-07,Canceled,Credit Card,78.43,Goiânia,Curitiba,Moda,Marketplace
O0445,CUS0039,2026-03-02,2026-03-10,Delivered,Pix,640.11,Recife,Curitiba,Casa,App
O0446,CUS0207,2026-03-06,2026-03-09,Paid,Credit Card,1174.73,Salvador,Goiânia,Esporte,Website
O0447,CUS0162,2026-01-12,2026-01-20,Created,Bank Slip,1875.81,Recife,Salvador,Eletrônicos,App
O0448,CUS0282,2026-02-21,2026-02-26,Created,Credit Card,1989.85,São Paulo,Manaus,Esporte,Marketplace
O0449,CUS0336,2026-02-08,2026-02-14,Delivered,Pix,940.13,Salvador,Porto Alegre,Eletrônicos,App
O0450,CUS0337,2026-02-28,2026-03-04,Shipped,Bank Slip,329.27,Salvador,Recife,Mercado,App
O0451,CUS0281,2026-01-01,2026-01-05,Canceled,Pix,1770.11,Belo Horizonte,Campinas,Eletrônicos,App
O0452,CUS0131,2026-03-05,2026-03-08,Canceled,Debit Card,509.4,Goiânia,Rio de Janeiro,Beleza,App
O0453,CUS0056,2026-02-28,2026-03-08,Delivered,Credit Card,2320.23,Porto Alegre,Goiânia,Mercado,Marketplace
O0454,CUS0338,2026-01-16,2026-01-24,Canceled,Debit Card,2411.44,Recife,Salvador,Eletrônicos,Marketplace
O0455,CUS0261,2026-01-07,2026-01-13,Paid,Debit Card,1839.68,Goiânia,Salvador,Moda,App
O0456,CUS0259,2026-02-19,2026-02-26,Delivered,Bank Slip,2449.77,Manaus,Belo Horizonte,Mercado,App
O0457,CUS0232,2026-02-05,2026-02-10,Paid,Debit Card,1061.17,Belo Horizonte,Campinas,Mercado,Marketplace
O0458,CUS0284,2026-03-07,2026-03-11,Paid,Debit Card,563.72,Salvador,Belo Horizonte,Mercado,Website
O0459,CUS0258,2026-03-29,2026-04-02,Canceled,Pix,1790.34,Curitiba,Porto Alegre,Casa,Marketplace
O0460,CUS0346,2026-03-03,2026-03-09,Canceled,Pix,2199.81,Manaus,Goiânia,Beleza,App
O0461,CUS0075,2026-03-08,2026-03-10,Created,Credit Card,539.68,São Paulo,Recife,Moda,Website
O0462,CUS0152,2026-03-29,2026-04-02,Paid,Credit Card,928.71,Curitiba,São Paulo,Beleza,App
O0463,CUS0332,2026-03-20,2026-03-28,Canceled,Bank Slip,632.03,Salvador,Porto Alegre,Mercado,Website
O0464,CUS0199,2026-03-30,2026-04-06,Delivered,Pix,2416.29,São Paulo,Recife,Eletrônicos,App
O0465,CUS0116,2026-02-02,2026-02-05,Shipped,Debit Card,1951.54,Manaus,Recife,Moda,Website
O0466,CUS0089,2026-02-27,2026-03-02,Canceled,Credit Card,974.07,Rio de Janeiro,Porto Alegre,Beleza,Website
O0467,CUS0300,2026-03-13,2026-03-17,Shipped,Credit Card,859.81,Curitiba,Porto Alegre,Mercado,App
O0468,CUS0321,2026-01-06,2026-01-09,Canceled,Pix,1251.8,Belo Horizonte,São Paulo,Esporte,Marketplace
O0469,CUS0113,2026-02-15,2026-02-17,Paid,Credit Card,1976.31,Belo Horizonte,Manaus,Moda,Website
O0470,CUS0179,2026-03-11,2026-03-17,Paid,Debit Card,1675.14,Goiânia,Rio de Janeiro,Casa,Website
O0471,CUS0244,2026-02-07,2026-02-10,Canceled,Credit Card,330.98,Manaus,Salvador,Casa,Website
O0472,CUS0021,2026-01-31,2026-02-07,Shipped,Bank Slip,2294.03,Manaus,Porto Alegre,Eletrônicos,Website
O0473,CUS0265,2026-02-02,2026-02-08,Shipped,Bank Slip,1242.62,Campinas,São Paulo,Casa,Marketplace
O0474,CUS0050,2026-01-25,2026-01-29,Paid,Credit Card,1585.95,Salvador,Rio de Janeiro,Moda,Marketplace
O0475,CUS0054,2026-03-22,2026-03-30,Paid,Bank Slip,1634.04,Porto Alegre,Recife,Eletrônicos,Marketplace
O0476,CUS0170,2026-03-29,2026-04-01,Created,Credit Card,229.36,São Paulo,Salvador,Moda,Website
O0477,CUS0133,2026-03-13,2026-03-15,Delivered,Bank Slip,1155.2,Manaus,Porto Alegre,Beleza,Website
O0478,CUS0274,2026-02-10,2026-02-12,Created,Credit Card,1902.08,Goiânia,Rio de Janeiro,Esporte,App
O0479,CUS0258,2026-03-31,2026-04-08,Created,Pix,1977.86,Rio de Janeiro,Goiânia,Casa,Marketplace
O0480,CUS0203,2026-01-12,2026-01-16,Created,Bank Slip,432.91,Recife,Goiânia,Moda,App
O0481,CUS0325,2026-02-20,2026-02-28,Paid,Pix,1709.33,Salvador,Campinas,Mercado,Marketplace
O0482,CUS0073,2026-02-17,2026-02-19,Created,Credit Card,62.22,Salvador,Manaus,Esporte,Website
O0483,CUS0108,2026-03-10,2026-03-16,Shipped,Debit Card,1060.94,Rio de Janeiro,Belo Horizonte,Mercado,Marketplace
O0484,CUS0316,2026-01-19,2026-01-22,Shipped,Debit Card,330.74,Curitiba,Campinas,Mercado,Marketplace
O0485,CUS0331,2026-01-07,2026-01-15,Canceled,Credit Card,762.03,Salvador,Recife,Eletrônicos,Website
O0486,CUS0170,2026-01-13,2026-01-16,Shipped,Debit Card,1694.64,Manaus,Recife,Moda,App
O0487,CUS0163,2026-02-06,2026-02-12,Delivered,Bank Slip,854.38,Rio de Janeiro,Campinas,Mercado,Website
O0488,CUS0162,2026-03-30,2026-04-05,Delivered,Debit Card,61.74,Curitiba,Goiânia,Moda,App
O0489,CUS0069,2026-03-24,2026-03-29,Shipped,Bank Slip,1183.92,Campinas,Goiânia,Casa,Website
O0490,CUS0331,2026-03-04,2026-03-10,Canceled,Credit Card,2112.38,Rio de Janeiro,Porto Alegre,Moda,Marketplace
O0491,CUS0010,2026-01-26,2026-01-30,Canceled,Credit Card,2040.96,Rio de Janeiro,Curitiba,Esporte,Website
O0492,CUS0134,2026-03-17,2026-03-20,Canceled,Bank Slip,1652.04,São Paulo,Manaus,Moda,Website
O0493,CUS0069,2026-02-20,2026-02-23,Delivered,Credit Card,1022.06,Manaus,Campinas,Esporte,App
O0494,CUS0264,2026-03-26,2026-03-29,Paid,Bank Slip,440.01,Manaus,Curitiba,Esporte,Marketplace
O0495,CUS0184,2026-03-26,2026-04-03,Created,Debit Card,1915.58,Curitiba,Salvador,Moda,App
O0496,CUS0343,2026-02-03,2026-02-07,Paid,Pix,1000.77,Porto Alegre,São Paulo,Beleza,App
O0497,CUS0267,2026-01-06,2026-01-13,Shipped,Pix,1467.6,Belo Horizonte,Rio de Janeiro,Esporte,App
O0498,CUS0301,2026-02-18,2026-02-25,Created,Pix,971.94,Goiânia,Belo Horizonte,Moda,Marketplace
O0499,CUS0247,2026-02-21,2026-02-25,Canceled,Credit Card,1279.45,Belo Horizonte,Salvador,Moda,Website
O0500,CUS0330,2026-01-22,2026-01-25,Shipped,Debit Card,418.0,Rio de Janeiro,Manaus,Moda,Website
O0501,CUS0213,2026-03-19,2026-03-26,Shipped,Credit Card,1229.66,Rio de Janeiro,Campinas,Beleza,Website
O0502,CUS0012,2026-01-27,2026-02-02,Paid,Credit Card,363.23,Curitiba,Recife,Esporte,App
O0503,CUS0294,2026-01-18,2026-01-25,Paid,Credit Card,457.45,Salvador,São Paulo,Moda,Marketplace
O0504,CUS0339,2026-02-21,2026-02-27,Shipped,Credit Card,580.58,Manaus,São Paulo,Esporte,Website
O0505,CUS0308,2026-03-03,2026-03-06,Paid,Debit Card,1576.83,Porto Alegre,Recife,Esporte,Website
O0506,CUS0306,2026-01-22,2026-01-29,Canceled,Credit Card,612.97,Belo Horizonte,Salvador,Beleza,App
O0507,CUS0259,2026-01-14,2026-01-16,Delivered,Debit Card,1533.46,Porto Alegre,Manaus,Moda,Website
O0508,CUS0258,2026-03-20,2026-03-26,Created,Credit Card,1231.44,São Paulo,Manaus,Moda,Marketplace
O0509,CUS0268,2026-03-11,2026-03-19,Delivered,Pix,2193.31,São Paulo,Recife,Mercado,Marketplace
O0510,CUS0180,2026-02-24,2026-02-27,Canceled,Credit Card,1092.39,Recife,Goiânia,Casa,Website
O0511,CUS0307,2026-01-30,2026-02-07,Canceled,Bank Slip,681.55,Rio de Janeiro,Belo Horizonte,Eletrônicos,Marketplace
O0512,CUS0267,2026-01-01,2026-01-07,Created,Bank Slip,1653.6,Salvador,Rio de Janeiro,Mercado,Website
O0513,CUS0219,2026-02-22,2026-02-26,Canceled,Pix,690.12,Rio de Janeiro,Porto Alegre,Esporte,Website
O0514,CUS0349,2026-03-14,2026-03-18,Delivered,Debit Card,1062.35,Manaus,Campinas,Esporte,Website
O0515,CUS0248,2026-01-23,2026-01-27,Shipped,Pix,1465.2,Salvador,Manaus,Mercado,Website
O0516,CUS0229,2026-01-18,2026-01-26,Paid,Credit Card,575.34,Rio de Janeiro,Campinas,Beleza,Website
O0517,CUS0200,2026-03-12,2026-03-18,Created,Credit Card,2066.96,São Paulo,Porto Alegre,Beleza,Marketplace
O0518,CUS0114,2026-02-25,2026-02-27,Shipped,Credit Card,1542.08,Rio de Janeiro,Belo Horizonte,Mercado,Website
O0519,CUS0306,2026-02-21,2026-02-27,Created,Debit Card,1618.68,Salvador,Campinas,Beleza,App
O0520,CUS0100,2026-01-26,2026-02-03,Created,Debit Card,1557.18,Salvador,Campinas,Mercado,App
O0521,CUS0045,2026-02-16,2026-02-19,Shipped,Bank Slip,915.1,São Paulo,Porto Alegre,Beleza,Website
O0522,CUS0036,2026-03-17,2026-03-20,Created,Pix,1829.01,Salvador,São Paulo,Esporte,Marketplace
O0523,CUS0311,2026-02-14,2026-02-18,Paid,Bank Slip,2327.79,Campinas,Porto Alegre,Esporte,App
O0524,CUS0055,2026-02-03,2026-02-06,Canceled,Credit Card,1282.71,Goiânia,Manaus,Casa,App
O0525,CUS0227,2026-03-07,2026-03-11,Delivered,Bank Slip,1936.4,Salvador,Campinas,Casa,Website
O0526,CUS0247,2026-03-29,2026-04-03,Created,Pix,215.41,Manaus,São Paulo,Mercado,App
O0527,CUS0212,2026-03-28,2026-04-04,Shipped,Credit Card,1766.98,Porto Alegre,Goiânia,Casa,App
O0528,CUS0039,2026-02-06,2026-02-08,Canceled,Debit Card,1217.51,Goiânia,Belo Horizonte,Casa,App
O0529,CUS0256,2026-03-15,2026-03-19,Paid,Debit Card,1851.77,Curitiba,Campinas,Casa,App
O0530,CUS0080,2026-01-30,2026-02-02,Created,Credit Card,2304.45,Porto Alegre,Goiânia,Mercado,Marketplace
O0531,CUS0022,2026-03-05,2026-03-11,Delivered,Pix,1570.6,São Paulo,Manaus,Beleza,Marketplace
O0532,CUS0144,2026-02-05,2026-02-10,Delivered,Debit Card,1887.89,Curitiba,Manaus,Moda,App
O0533,CUS0277,2026-03-09,2026-03-17,Created,Pix,1014.55,Goiânia,Salvador,Mercado,App
O0534,CUS0162,2026-02-28,2026-03-02,Created,Credit Card,1701.52,Salvador,Recife,Beleza,Marketplace
O0535,CUS0096,2026-01-13,2026-01-17,Canceled,Pix,630.91,Belo Horizonte,Campinas,Beleza,Marketplace
O0536,CUS0218,2026-02-13,2026-02-17,Paid,Bank Slip,1766.72,Curitiba,Salvador,Casa,Website
O0537,CUS0293,2026-02-21,2026-02-25,Paid,Debit Card,2044.75,Recife,Curitiba,Mercado,Website
O0538,CUS0101,2026-01-31,2026-02-06,Paid,Debit Card,1208.77,Goiânia,Recife,Eletrônicos,App
O0539,CUS0274,2026-02-23,2026-02-28,Shipped,Bank Slip,785.01,Curitiba,Manaus,Esporte,Marketplace
O0540,CUS0031,2026-01-07,2026-01-12,Paid,Pix,1217.47,Rio de Janeiro,Porto Alegre,Mercado,App
O0541,CUS0185,2026-02-27,2026-03-06,Shipped,Pix,893.08,Belo Horizonte,Campinas,Beleza,App
O0542,CUS0296,2026-02-14,2026-02-22,Canceled,Debit Card,2449.46,Manaus,Porto Alegre,Casa,Website
O0543,CUS0229,2026-02-11,2026-02-18,Created,Bank Slip,1553.44,Salvador,Recife,Beleza,Marketplace
O0544,CUS0216,2026-01-19,2026-01-27,Canceled,Bank Slip,2129.79,Curitiba,Goiânia,Eletrônicos,App
O0545,CUS0163,2026-01-21,2026-01-25,Shipped,Pix,1533.15,Porto Alegre,Goiânia,Beleza,Website
O0546,CUS0231,2026-02-26,2026-03-06,Delivered,Debit Card,500.44,Belo Horizonte,Manaus,Eletrônicos,App
O0547,CUS0108,2026-01-31,2026-02-07,Paid,Bank Slip,302.28,Campinas,Rio de Janeiro,Eletrônicos,Website
O0548,CUS0269,2026-03-12,2026-03-14,Created,Credit Card,692.93,São Paulo,Recife,Moda,App
O0549,CUS0127,2026-03-25,2026-03-30,Shipped,Bank Slip,1584.84,Campinas,Porto Alegre,Moda,Marketplace
O0550,CUS0167,2026-01-22,2026-01-24,Delivered,Bank Slip,2438.7,São Paulo,Goiânia,Esporte,Website
O0551,CUS0091,2026-03-12,2026-03-17,Canceled,Bank Slip,1596.03,Curitiba,Manaus,Mercado,Marketplace
O0552,CUS0178,2026-02-25,2026-03-03,Delivered,Debit Card,2021.51,Salvador,Campinas,Beleza,Website
O0553,CUS0156,2026-02-16,2026-02-21,Created,Credit Card,1332.08,Campinas,Curitiba,Moda,Website
O0554,CUS0252,2026-02-06,2026-02-11,Delivered,Pix,72.28,Salvador,São Paulo,Beleza,Website
O0555,CUS0192,2026-03-18,2026-03-21,Paid,Bank Slip,2211.29,São Paulo,Manaus,Beleza,Website
O0556,CUS0113,2026-02-01,2026-02-04,Shipped,Credit Card,1084.43,Goiânia,Recife,Moda,Marketplace
O0557,CUS0333,2026-03-20,2026-03-28,Canceled,Pix,1061.56,Campinas,Belo Horizonte,Eletrônicos,App
O0558,CUS0317,2026-01-18,2026-01-22,Delivered,Pix,1766.13,Rio de Janeiro,Salvador,Beleza,App
O0559,CUS0274,2026-02-11,2026-02-13,Created,Debit Card,2432.21,Curitiba,São Paulo,Casa,Website
O0560,CUS0120,2026-01-17,2026-01-24,Created,Debit Card,85.98,Recife,São Paulo,Moda,Website
O0561,CUS0238,2026-02-23,2026-02-27,Created,Pix,246.45,Recife,Belo Horizonte,Moda,App
O0562,CUS0279,2026-02-04,2026-02-12,Delivered,Debit Card,520.79,Goiânia,Rio de Janeiro,Casa,Website
O0563,CUS0227,2026-01-02,2026-01-04,Paid,Credit Card,537.91,Porto Alegre,Recife,Mercado,App
O0564,CUS0200,2026-03-08,2026-03-15,Shipped,Pix,438.51,Porto Alegre,Salvador,Mercado,App
O0565,CUS0247,2026-03-12,2026-03-18,Shipped,Debit Card,932.98,Rio de Janeiro,Belo Horizonte,Eletrônicos,Marketplace
O0566,CUS0167,2026-01-28,2026-01-30,Created,Debit Card,1996.24,Porto Alegre,Recife,Esporte,App
O0567,CUS0022,2026-02-20,2026-02-28,Canceled,Bank Slip,1736.56,Porto Alegre,São Paulo,Moda,Website
O0568,CUS0047,2026-01-12,2026-01-15,Canceled,Pix,2330.57,Curitiba,Salvador,Mercado,App
O0569,CUS0055,2026-01-08,2026-01-12,Paid,Bank Slip,619.98,Curitiba,Manaus,Esporte,Marketplace
O0570,CUS0011,2026-02-14,2026-02-22,Delivered,Pix,1824.75,Recife,Porto Alegre,Casa,App
O0571,CUS0151,2026-03-04,2026-03-11,Canceled,Bank Slip,514.87,Recife,Manaus,Moda,Marketplace
O0572,CUS0307,2026-02-14,2026-02-18,Canceled,Debit Card,218.65,Recife,Campinas,Moda,Website
O0573,CUS0188,2026-02-07,2026-02-15,Delivered,Credit Card,1950.98,Campinas,Manaus,Esporte,Website
O0574,CUS0318,2026-01-24,2026-01-26,Paid,Pix,1816.43,Manaus,Belo Horizonte,Mercado,Marketplace
O0575,CUS0283,2026-02-19,2026-02-22,Paid,Pix,840.3,Salvador,Recife,Mercado,Website
O0576,CUS0023,2026-01-15,2026-01-17,Paid,Debit Card,2190.04,Salvador,Rio de Janeiro,Moda,App
O0577,CUS0293,2026-03-04,2026-03-07,Delivered,Bank Slip,1338.21,Rio de Janeiro,São Paulo,Mercado,Marketplace
O0578,CUS0311,2026-02-02,2026-02-04,Created,Credit Card,2329.01,Belo Horizonte,Porto Alegre,Moda,Marketplace
O0579,CUS0328,2026-03-04,2026-03-12,Created,Pix,1417.1,Rio de Janeiro,Salvador,Beleza,Website
O0580,CUS0271,2026-01-08,2026-01-16,Created,Credit Card,2094.4,Manaus,Campinas,Eletrônicos,App
O0581,CUS0273,2026-03-08,2026-03-10,Delivered,Debit Card,523.06,Rio de Janeiro,Campinas,Mercado,App
O0582,CUS0286,2026-03-14,2026-03-21,Delivered,Credit Card,1927.37,Curitiba,Manaus,Esporte,Website
O0583,CUS0086,2026-03-28,2026-04-02,Paid,Bank Slip,1286.45,Goiânia,Rio de Janeiro,Mercado,App
O0584,CUS0162,2026-03-10,2026-03-16,Canceled,Pix,2119.88,Recife,Belo Horizonte,Beleza,Marketplace
O0585,CUS0289,2026-02-25,2026-03-05,Canceled,Debit Card,968.84,Belo Horizonte,Porto Alegre,Esporte,Marketplace
O0586,CUS0204,2026-02-02,2026-02-06,Created,Credit Card,2458.24,Recife,Salvador,Esporte,App
O0587,CUS0154,2026-03-08,2026-03-11,Paid,Debit Card,2146.5,Campinas,São Paulo,Eletrônicos,Marketplace
O0588,CUS0293,2026-02-05,2026-02-11,Canceled,Debit Card,280.91,Salvador,Manaus,Beleza,Website
O0589,CUS0299,2026-01-20,2026-01-23,Paid,Debit Card,677.72,Campinas,Goiânia,Casa,App
O0590,CUS0040,2026-03-15,2026-03-20,Shipped,Bank Slip,473.53,Manaus,Porto Alegre,Mercado,Marketplace
O0591,CUS0020,2026-03-15,2026-03-23,Canceled,Bank Slip,242.18,Rio de Janeiro,Belo Horizonte,Eletrônicos,Website
O0592,CUS0062,2026-02-14,2026-02-22,Paid,Credit Card,1602.99,Goiânia,Recife,Mercado,Website
O0593,CUS0164,2026-01-07,2026-01-11,Canceled,Debit Card,850.67,Salvador,São Paulo,Mercado,App
O0594,CUS0305,2026-01-20,2026-01-22,Canceled,Credit Card,594.03,Goiânia,Salvador,Casa,Website
O0595,CUS0244,2026-01-19,2026-01-22,Canceled,Credit Card,1392.93,Belo Horizonte,Rio de Janeiro,Casa,App
O0596,CUS0070,2026-02-21,2026-02-27,Delivered,Debit Card,1245.21,Goiânia,Curitiba,Mercado,Marketplace
O0597,CUS0127,2026-01-26,2026-02-01,Paid,Credit Card,702.26,Manaus,Salvador,Beleza,Website
O0598,CUS0344,2026-03-29,2026-04-04,Delivered,Bank Slip,944.84,Rio de Janeiro,Curitiba,Moda,Website
O0599,CUS0087,2026-02-14,2026-02-20,Shipped,Bank Slip,1576.76,São Paulo,Belo Horizonte,Beleza,App
O0600,CUS0044,2026-01-30,2026-02-02,Created,Credit Card,645.39,Belo Horizonte,Curitiba,Esporte,App
O0601,CUS0157,2026-02-06,2026-02-08,Delivered,Bank Slip,105.64,Belo Horizonte,Rio de Janeiro,Moda,Marketplace
O0602,CUS0268,2026-03-10,2026-03-13,Shipped,Bank Slip,1576.42,Porto Alegre,Manaus,Moda,Marketplace
O0603,CUS0299,2026-03-31,2026-04-07,Canceled,Credit Card,675.79,São Paulo,Recife,Eletrônicos,Website
O0604,CUS0028,2026-01-26,2026-02-03,Delivered,Credit Card,213.07,Manaus,Campinas,Mercado,Website
O0605,CUS0010,2026-03-26,2026-04-03,Shipped,Bank Slip,616.29,Belo Horizonte,Rio de Janeiro,Beleza,Marketplace
O0606,CUS0046,2026-01-13,2026-01-17,Paid,Debit Card,1276.54,Recife,Manaus,Beleza,Marketplace
O0607,CUS0157,2026-01-03,2026-01-05,Shipped,Bank Slip,1013.77,Porto Alegre,Manaus,Moda,App
O0608,CUS0321,2026-02-14,2026-02-21,Shipped,Debit Card,2490.19,Belo Horizonte,Goiânia,Esporte,Website
O0609,CUS0016,2026-01-08,2026-01-15,Canceled,Pix,602.6,Campinas,Recife,Casa,Website
O0610,CUS0267,2026-03-26,2026-03-29,Canceled,Debit Card,1072.41,Rio de Janeiro,Recife,Esporte,App
O0611,CUS0230,2026-02-24,2026-02-28,Canceled,Debit Card,556.48,Manaus,Belo Horizonte,Moda,Marketplace
O0612,CUS0159,2026-03-11,2026-03-18,Canceled,Debit Card,1103.6,Porto Alegre,Curitiba,Moda,Marketplace
O0613,CUS0286,2026-03-14,2026-03-17,Canceled,Credit Card,501.05,Belo Horizonte,Rio de Janeiro,Moda,Marketplace
O0614,CUS0211,2026-01-04,2026-01-12,Shipped,Bank Slip,1876.72,Belo Horizonte,Recife,Mercado,Marketplace
O0615,CUS0068,2026-02-05,2026-02-08,Paid,Credit Card,1917.97,Porto Alegre,Rio de Janeiro,Esporte,Marketplace
O0616,CUS0306,2026-02-04,2026-02-10,Paid,Debit Card,1734.04,Manaus,Porto Alegre,Casa,App
O0617,CUS0258,2026-03-30,2026-04-07,Canceled,Bank Slip,1794.42,Recife,Curitiba,Casa,App
O0618,CUS0084,2026-02-19,2026-02-24,Paid,Debit Card,128.87,Recife,Curitiba,Eletrônicos,Website
O0619,CUS0034,2026-02-22,2026-02-25,Paid,Bank Slip,2174.45,Porto Alegre,Campinas,Beleza,Marketplace
O0620,CUS0219,2026-02-11,2026-02-19,Delivered,Credit Card,1539.39,Recife,Porto Alegre,Beleza,Marketplace
O0621,CUS0269,2026-02-10,2026-02-15,Created,Credit Card,1156.39,Manaus,Salvador,Eletrônicos,App
O0622,CUS0286,2026-03-08,2026-03-14,Delivered,Credit Card,515.05,Goiânia,São Paulo,Beleza,Website
O0623,CUS0086,2026-02-08,2026-02-16,Delivered,Pix,1552.14,Campinas,Salvador,Eletrônicos,Marketplace
O0624,CUS0047,2026-03-08,2026-03-11,Canceled,Credit Card,490.36,Recife,Salvador,Esporte,Marketplace
O0625,CUS0166,2026-03-11,2026-03-14,Delivered,Credit Card,488.17,Goiânia,Recife,Esporte,Marketplace
O0626,CUS0166,2026-01-26,2026-01-31,Paid,Credit Card,273.33,Rio de Janeiro,Belo Horizonte,Mercado,Website
O0627,CUS0197,2026-03-23,2026-03-27,Canceled,Debit Card,977.7,Rio de Janeiro,Manaus,Beleza,App
O0628,CUS0084,2026-01-22,2026-01-26,Paid,Debit Card,1934.41,Manaus,Curitiba,Eletrônicos,Website
O0629,CUS0321,2026-02-09,2026-02-13,Paid,Credit Card,2251.42,Recife,Campinas,Moda,App
O0630,CUS0235,2026-03-21,2026-03-29,Delivered,Bank Slip,1381.53,Campinas,São Paulo,Eletrônicos,Marketplace
O0631,CUS0233,2026-03-05,2026-03-08,Delivered,Bank Slip,244.45,Porto Alegre,Salvador,Esporte,App
O0632,CUS0107,2026-02-01,2026-02-07,Created,Debit Card,413.14,Campinas,Manaus,Mercado,Website
O0633,CUS0170,2026-01-05,2026-01-08,Created,Credit Card,316.69,São Paulo,Belo Horizonte,Moda,App
O0634,CUS0091,2026-03-28,2026-04-01,Delivered,Pix,2332.12,Manaus,Salvador,Eletrônicos,Website
O0635,CUS0219,2026-02-11,2026-02-15,Canceled,Credit Card,767.37,Goiânia,Rio de Janeiro,Moda,App
O0636,CUS0270,2026-03-30,2026-04-07,Delivered,Debit Card,1754.75,Campinas,Goiânia,Esporte,App
O0637,CUS0248,2026-01-14,2026-01-20,Canceled,Pix,1096.22,Salvador,Rio de Janeiro,Casa,Website
O0638,CUS0067,2026-03-09,2026-03-15,Canceled,Bank Slip,1323.23,Manaus,Belo Horizonte,Mercado,Website
O0639,CUS0149,2026-03-05,2026-03-13,Paid,Credit Card,339.52,Curitiba,Campinas,Beleza,Marketplace
O0640,CUS0212,2026-01-16,2026-01-23,Created,Pix,906.58,Porto Alegre,Recife,Mercado,App
O0641,CUS0131,2026-01-02,2026-01-09,Created,Pix,785.63,Porto Alegre,Belo Horizonte,Esporte,Website
O0642,CUS0203,2026-01-01,2026-01-03,Canceled,Credit Card,2088.49,Belo Horizonte,Goiânia,Moda,Website
O0643,CUS0019,2026-02-13,2026-02-20,Paid,Bank Slip,430.61,Recife,Salvador,Beleza,Marketplace
O0644,CUS0267,2026-02-12,2026-02-17,Shipped,Pix,1410.14,Goiânia,São Paulo,Eletrônicos,App
O0645,CUS0034,2026-03-15,2026-03-22,Paid,Pix,2109.8,Belo Horizonte,Goiânia,Casa,Website
O0646,CUS0096,2026-03-22,2026-03-28,Canceled,Credit Card,2168.24,Curitiba,Recife,Casa,Marketplace
O0647,CUS0212,2026-02-10,2026-02-17,Created,Bank Slip,2198.76,São Paulo,Belo Horizonte,Casa,Website
O0648,CUS0090,2026-02-08,2026-02-11,Created,Pix,1973.09,Salvador,Campinas,Moda,App
O0649,CUS0257,2026-02-26,2026-03-04,Paid,Debit Card,883.22,São Paulo,Salvador,Beleza,Marketplace
O0650,CUS0051,2026-03-09,2026-03-13,Canceled,Debit Card,552.63,Belo Horizonte,Curitiba,Eletrônicos,Website
O0651,CUS0003,2026-02-19,2026-02-26,Shipped,Credit Card,1733.25,Salvador,Rio de Janeiro,Esporte,App
O0652,CUS0267,2026-02-12,2026-02-17,Shipped,Credit Card,1464.98,São Paulo,Curitiba,Casa,Marketplace
O0653,CUS0147,2026-01-27,2026-01-31,Shipped,Pix,1943.31,Porto Alegre,Campinas,Mercado,App
O0654,CUS0059,2026-02-04,2026-02-07,Created,Credit Card,556.04,Curitiba,Belo Horizonte,Casa,Marketplace
O0655,CUS0294,2026-02-10,2026-02-14,Paid,Debit Card,224.45,Curitiba,Belo Horizonte,Esporte,Website
O0656,CUS0015,2026-03-11,2026-03-16,Delivered,Credit Card,309.43,São Paulo,Porto Alegre,Eletrônicos,App
O0657,CUS0316,2026-02-24,2026-03-01,Shipped,Pix,864.15,Curitiba,Salvador,Moda,Marketplace
O0658,CUS0239,2026-03-27,2026-04-04,Canceled,Debit Card,277.55,Salvador,Rio de Janeiro,Mercado,Website
O0659,CUS0241,2026-01-13,2026-01-18,Paid,Debit Card,402.03,Campinas,Salvador,Esporte,Website
O0660,CUS0167,2026-02-16,2026-02-21,Delivered,Bank Slip,124.05,Curitiba,Goiânia,Beleza,App
O0661,CUS0145,2026-02-14,2026-02-19,Shipped,Debit Card,1294.43,Recife,Curitiba,Beleza,Marketplace
O0662,CUS0155,2026-01-14,2026-01-18,Canceled,Bank Slip,1031.94,Salvador,Rio de Janeiro,Beleza,App
O0663,CUS0247,2026-03-21,2026-03-24,Delivered,Credit Card,884.68,Salvador,Curitiba,Mercado,Marketplace
O0664,CUS0279,2026-02-25,2026-03-05,Paid,Debit Card,1673.37,Goiânia,Belo Horizonte,Eletrônicos,Marketplace
O0665,CUS0304,2026-03-15,2026-03-23,Canceled,Bank Slip,847.11,Recife,Rio de Janeiro,Eletrônicos,Website
O0666,CUS0307,2026-01-23,2026-01-27,Created,Bank Slip,852.08,Goiânia,Rio de Janeiro,Mercado,Marketplace
O0667,CUS0298,2026-01-08,2026-01-10,Created,Debit Card,1669.13,Porto Alegre,Curitiba,Beleza,Marketplace
O0668,CUS0101,2026-02-07,2026-02-12,Paid,Pix,784.28,Manaus,Recife,Mercado,Website
O0669,CUS0299,2026-02-25,2026-03-04,Created,Bank Slip,2126.69,Belo Horizonte,Rio de Janeiro,Casa,App
O0670,CUS0287,2026-02-17,2026-02-23,Shipped,Credit Card,2160.04,São Paulo,Rio de Janeiro,Eletrônicos,App
O0671,CUS0321,2026-02-25,2026-03-04,Shipped,Bank Slip,1044.72,Manaus,Goiânia,Beleza,Marketplace
O0672,CUS0072,2026-01-28,2026-02-04,Paid,Bank Slip,2116.14,Curitiba,Salvador,Casa,Website
O0673,CUS0006,2026-01-20,2026-01-24,Created,Credit Card,402.7,Curitiba,Porto Alegre,Beleza,Marketplace
O0674,CUS0329,2026-02-25,2026-02-28,Delivered,Bank Slip,2239.27,Rio de Janeiro,Porto Alegre,Mercado,Marketplace
O0675,CUS0261,2026-02-24,2026-03-02,Delivered,Bank Slip,992.49,Curitiba,Salvador,Moda,App
O0676,CUS0122,2026-02-24,2026-03-02,Canceled,Pix,1056.49,São Paulo,Salvador,Esporte,Marketplace
O0677,CUS0189,2026-02-16,2026-02-18,Created,Bank Slip,2406.25,São Paulo,Salvador,Eletrônicos,App
O0678,CUS0265,2026-03-09,2026-03-17,Created,Credit Card,650.74,Campinas,Salvador,Mercado,Marketplace
O0679,CUS0297,2026-03-26,2026-04-02,Shipped,Credit Card,2263.77,Rio de Janeiro,Manaus,Esporte,App
O0680,CUS0294,2026-03-02,2026-03-07,Shipped,Bank Slip,914.58,Salvador,Recife,Casa,Website
O0681,CUS0289,2026-01-22,2026-01-24,Shipped,Credit Card,1591.75,Manaus,Campinas,Esporte,App
O0682,CUS0147,2026-03-15,2026-03-17,Delivered,Credit Card,360.62,Campinas,São Paulo,Eletrônicos,Website
O0683,CUS0141,2026-02-02,2026-02-05,Shipped,Credit Card,1866.48,Manaus,Campinas,Esporte,App
O0684,CUS0190,2026-03-17,2026-03-24,Paid,Pix,1967.17,Curitiba,Salvador,Moda,Website
O0685,CUS0176,2026-01-24,2026-02-01,Created,Debit Card,1509.04,Salvador,São Paulo,Moda,Website
O0686,CUS0339,2026-02-22,2026-03-02,Delivered,Debit Card,566.52,Goiânia,Porto Alegre,Mercado,Website
O0687,CUS0027,2026-01-07,2026-01-14,Paid,Bank Slip,1026.86,Campinas,Rio de Janeiro,Casa,Website
O0688,CUS0243,2026-03-10,2026-03-13,Shipped,Debit Card,1349.54,Goiânia,Recife,Beleza,App
O0689,CUS0348,2026-02-06,2026-02-14,Shipped,Credit Card,288.45,Recife,Goiânia,Esporte,Marketplace
O0690,CUS0172,2026-02-15,2026-02-23,Shipped,Pix,2015.66,Goiânia,Campinas,Casa,Marketplace
O0691,CUS0345,2026-03-16,2026-03-21,Canceled,Debit Card,1323.84,Recife,Porto Alegre,Mercado,Marketplace
O0692,CUS0345,2026-01-24,2026-01-28,Created,Credit Card,79.21,Salvador,São Paulo,Eletrônicos,Marketplace
O0693,CUS0113,2026-01-14,2026-01-21,Shipped,Pix,522.96,Recife,Belo Horizonte,Eletrônicos,Marketplace
O0694,CUS0307,2026-01-12,2026-01-14,Created,Credit Card,261.56,Manaus,Porto Alegre,Esporte,App
O0695,CUS0057,2026-02-18,2026-02-25,Paid,Pix,771.62,Manaus,Curitiba,Mercado,App
O0696,CUS0342,2026-03-23,2026-03-28,Shipped,Pix,446.73,Campinas,Recife,Eletrônicos,Website
O0697,CUS0031,2026-01-08,2026-01-13,Shipped,Pix,485.85,Goiânia,Belo Horizonte,Eletrônicos,Website
O0698,CUS0331,2026-01-26,2026-02-01,Delivered,Credit Card,402.4,Goiânia,Curitiba,Beleza,App
O0699,CUS0133,2026-03-20,2026-03-27,Created,Credit Card,228.56,Rio de Janeiro,Salvador,Esporte,Marketplace
O0700,CUS0255,2026-02-02,2026-02-10,Paid,Credit Card,2335.58,Recife,São Paulo,Mercado,Website
O0701,CUS0295,2026-02-04,2026-02-07,Created,Bank Slip,1221.39,Belo Horizonte,Recife,Beleza,Marketplace
O0702,CUS0197,2026-01-09,2026-01-15,Delivered,Credit Card,1439.7,Porto Alegre,São Paulo,Casa,Website
O0703,CUS0324,2026-03-29,2026-04-02,Created,Pix,1359.79,Goiânia,São Paulo,Casa,App
O0704,CUS0091,2026-02-28,2026-03-08,Canceled,Credit Card,2420.4,Campinas,Porto Alegre,Mercado,App
O0705,CUS0323,2026-02-08,2026-02-15,Shipped,Bank Slip,257.82,Goiânia,Rio de Janeiro,Mercado,Website
O0706,CUS0013,2026-01-25,2026-01-28,Canceled,Debit Card,1248.57,São Paulo,Campinas,Eletrônicos,Marketplace
O0707,CUS0231,2026-03-24,2026-03-28,Created,Credit Card,881.18,Recife,Manaus,Casa,Marketplace
O0708,CUS0335,2026-01-06,2026-01-11,Canceled,Bank Slip,2353.21,Rio de Janeiro,Campinas,Esporte,App
O0709,CUS0073,2026-03-16,2026-03-19,Delivered,Credit Card,1204.44,Rio de Janeiro,São Paulo,Esporte,App
O0710,CUS0089,2026-02-01,2026-02-08,Created,Pix,2060.79,Curitiba,São Paulo,Eletrônicos,Website
O0711,CUS0055,2026-03-20,2026-03-23,Created,Bank Slip,1507.65,Manaus,Rio de Janeiro,Esporte,App
O0712,CUS0173,2026-01-09,2026-01-17,Delivered,Pix,345.88,Porto Alegre,Recife,Mercado,Marketplace
O0713,CUS0024,2026-03-11,2026-03-14,Canceled,Debit Card,871.92,Belo Horizonte,Porto Alegre,Eletrônicos,Website
O0714,CUS0190,2026-01-19,2026-01-27,Canceled,Debit Card,1124.66,Goiânia,Curitiba,Esporte,App
O0715,CUS0081,2026-01-18,2026-01-20,Created,Bank Slip,247.68,Manaus,Goiânia,Eletrônicos,App
O0716,CUS0214,2026-01-12,2026-01-19,Delivered,Debit Card,555.01,Manaus,Campinas,Mercado,Website
O0717,CUS0090,2026-03-08,2026-03-13,Canceled,Credit Card,1510.83,Goiânia,Porto Alegre,Mercado,Website
O0718,CUS0215,2026-03-20,2026-03-22,Created,Debit Card,520.08,Campinas,Goiânia,Esporte,App
O0719,CUS0113,2026-03-21,2026-03-25,Delivered,Debit Card,727.17,Salvador,Manaus,Moda,App
O0720,CUS0091,2026-01-20,2026-01-27,Paid,Credit Card,182.27,Recife,Salvador,Casa,Website
O0721,CUS0316,2026-01-27,2026-02-01,Delivered,Credit Card,305.74,Campinas,Goiânia,Eletrônicos,Marketplace
O0722,CUS0264,2026-01-23,2026-01-26,Created,Credit Card,2242.93,São Paulo,Salvador,Mercado,Website
O0723,CUS0102,2026-03-17,2026-03-23,Shipped,Debit Card,1958.47,Belo Horizonte,Recife,Casa,App
O0724,CUS0193,2026-01-13,2026-01-16,Paid,Credit Card,1203.87,Goiânia,Porto Alegre,Beleza,App
O0725,CUS0092,2026-02-25,2026-02-28,Delivered,Pix,384.1,Porto Alegre,Salvador,Mercado,App
O0726,CUS0172,2026-03-22,2026-03-26,Paid,Credit Card,1745.89,Campinas,Porto Alegre,Eletrônicos,Website
O0727,CUS0215,2026-01-18,2026-01-20,Paid,Pix,588.56,Recife,Salvador,Casa,Marketplace
O0728,CUS0296,2026-01-21,2026-01-29,Canceled,Debit Card,261.77,Manaus,Curitiba,Esporte,Website
O0729,CUS0143,2026-01-28,2026-02-03,Created,Bank Slip,1853.61,Recife,Salvador,Moda,App
O0730,CUS0303,2026-02-11,2026-02-16,Paid,Credit Card,1073.48,Manaus,Porto Alegre,Eletrônicos,App
O0731,CUS0218,2026-03-02,2026-03-09,Canceled,Bank Slip,1224.16,Salvador,São Paulo,Mercado,App
O0732,CUS0286,2026-02-27,2026-03-04,Created,Bank Slip,2377.33,Porto Alegre,Rio de Janeiro,Moda,Website
O0733,CUS0246,2026-02-07,2026-02-10,Shipped,Debit Card,1773.07,Rio de Janeiro,São Paulo,Esporte,Marketplace
O0734,CUS0071,2026-03-16,2026-03-18,Delivered,Debit Card,1985.13,Recife,Salvador,Casa,Marketplace
O0735,CUS0198,2026-03-01,2026-03-08,Shipped,Credit Card,776.58,São Paulo,Curitiba,Casa,Marketplace
O0736,CUS0042,2026-03-20,2026-03-26,Canceled,Pix,1852.59,Manaus,Porto Alegre,Eletrônicos,Marketplace
O0737,CUS0197,2026-03-28,2026-04-01,Shipped,Bank Slip,1566.84,São Paulo,Curitiba,Casa,Website
O0738,CUS0288,2026-01-23,2026-01-30,Paid,Debit Card,2454.06,Salvador,Rio de Janeiro,Moda,Marketplace
O0739,CUS0116,2026-01-15,2026-01-22,Shipped,Pix,2249.93,Recife,Porto Alegre,Esporte,Marketplace
O0740,CUS0191,2026-02-24,2026-02-28,Shipped,Bank Slip,1241.2,São Paulo,Curitiba,Esporte,App
O0741,CUS0150,2026-03-02,2026-03-09,Delivered,Pix,2009.74,Salvador,Manaus,Mercado,App
O0742,CUS0201,2026-01-25,2026-01-30,Paid,Pix,2397.72,Rio de Janeiro,Curitiba,Eletrônicos,App
O0743,CUS0255,2026-01-22,2026-01-26,Paid,Debit Card,1325.64,Rio de Janeiro,Porto Alegre,Mercado,App
O0744,CUS0243,2026-02-07,2026-02-12,Shipped,Bank Slip,1137.4,Salvador,Curitiba,Mercado,App
O0745,CUS0119,2026-02-07,2026-02-10,Canceled,Pix,1058.59,Rio de Janeiro,São Paulo,Casa,Marketplace
O0746,CUS0304,2026-03-24,2026-04-01,Canceled,Bank Slip,1172.06,Belo Horizonte,Salvador,Esporte,App
O0747,CUS0248,2026-02-09,2026-02-12,Shipped,Pix,1935.86,Campinas,Porto Alegre,Eletrônicos,App
O0748,CUS0317,2026-02-15,2026-02-19,Paid,Pix,496.51,Recife,Curitiba,Moda,Marketplace
O0749,CUS0122,2026-03-30,2026-04-06,Created,Credit Card,2484.74,Curitiba,Porto Alegre,Esporte,App
O0750,CUS0106,2026-02-26,2026-03-02,Canceled,Credit Card,1680.57,Belo Horizonte,Curitiba,Casa,App
O0751,CUS0274,2026-02-17,2026-02-22,Shipped,Credit Card,2305.06,Salvador,Curitiba,Beleza,Website
O0752,CUS0003,2026-01-19,2026-01-24,Canceled,Pix,1635.71,Belo Horizonte,Curitiba,Casa,Website
O0753,CUS0290,2026-02-07,2026-02-15,Delivered,Pix,1738.38,Manaus,Curitiba,Mercado,Website
O0754,CUS0158,2026-01-06,2026-01-09,Created,Bank Slip,1562.89,Salvador,Rio de Janeiro,Moda,Website
O0755,CUS0312,2026-02-15,2026-02-17,Paid,Debit Card,1964.12,Belo Horizonte,São Paulo,Casa,App
O0756,CUS0347,2026-01-03,2026-01-05,Created,Bank Slip,526.32,Salvador,Recife,Casa,Marketplace
O0757,CUS0204,2026-03-19,2026-03-25,Paid,Bank Slip,955.53,São Paulo,Goiânia,Casa,App
O0758,CUS0229,2026-02-06,2026-02-10,Canceled,Credit Card,578.37,Belo Horizonte,Campinas,Beleza,Marketplace
O0759,CUS0084,2026-02-23,2026-03-03,Delivered,Bank Slip,391.85,Recife,Campinas,Esporte,Marketplace
O0760,CUS0244,2026-01-12,2026-01-15,Canceled,Pix,211.89,Porto Alegre,Belo Horizonte,Esporte,Website
O0761,CUS0213,2026-01-12,2026-01-14,Paid,Bank Slip,1790.08,Goiânia,Campinas,Moda,App
O0762,CUS0284,2026-01-24,2026-02-01,Delivered,Credit Card,2065.84,Goiânia,Campinas,Casa,Marketplace
O0763,CUS0115,2026-02-08,2026-02-13,Created,Credit Card,427.27,Salvador,Recife,Casa,Marketplace
O0764,CUS0214,2026-03-23,2026-03-28,Paid,Bank Slip,2271.63,Rio de Janeiro,Belo Horizonte,Mercado,App
O0765,CUS0035,2026-01-04,2026-01-06,Canceled,Pix,1473.57,Campinas,Salvador,Esporte,Website
O0766,CUS0192,2026-02-03,2026-02-10,Canceled,Credit Card,2120.92,Recife,Rio de Janeiro,Moda,Marketplace
O0767,CUS0070,2026-01-08,2026-01-11,Shipped,Debit Card,179.48,Belo Horizonte,Salvador,Casa,Website
O0768,CUS0150,2026-03-23,2026-03-27,Canceled,Credit Card,1308.92,São Paulo,Belo Horizonte,Mercado,App
O0769,CUS0166,2026-01-13,2026-01-19,Shipped,Pix,715.0,Curitiba,Manaus,Mercado,Marketplace
O0770,CUS0074,2026-02-16,2026-02-18,Created,Debit Card,1319.47,Salvador,Belo Horizonte,Casa,Website
O0771,CUS0112,2026-02-22,2026-02-26,Paid,Debit Card,2087.34,Curitiba,Rio de Janeiro,Esporte,Marketplace
O0772,CUS0283,2026-03-30,2026-04-07,Created,Bank Slip,1178.15,Salvador,Manaus,Eletrônicos,App
O0773,CUS0160,2026-01-17,2026-01-19,Shipped,Debit Card,2051.73,Recife,Belo Horizonte,Esporte,Marketplace
O0774,CUS0061,2026-02-13,2026-02-16,Paid,Debit Card,2149.18,Campinas,São Paulo,Moda,Marketplace
O0775,CUS0067,2026-01-30,2026-02-03,Created,Bank Slip,1742.47,Curitiba,Campinas,Eletrônicos,App
O0776,CUS0022,2026-01-03,2026-01-11,Paid,Credit Card,130.25,Recife,Goiânia,Mercado,Marketplace
O0777,CUS0130,2026-03-17,2026-03-19,Created,Credit Card,788.96,Recife,Rio de Janeiro,Eletrônicos,App
O0778,CUS0095,2026-01-16,2026-01-22,Shipped,Credit Card,272.32,Porto Alegre,Campinas,Mercado,Website
O0779,CUS0257,2026-03-16,2026-03-20,Canceled,Debit Card,1286.98,Belo Horizonte,Curitiba,Eletrônicos,App
O0780,CUS0112,2026-03-16,2026-03-24,Paid,Pix,470.76,São Paulo,Manaus,Esporte,App
O0781,CUS0188,2026-01-13,2026-01-16,Canceled,Debit Card,1127.13,Salvador,Recife,Eletrônicos,App
O0782,CUS0264,2026-02-15,2026-02-20,Paid,Bank Slip,326.38,Goiânia,Porto Alegre,Casa,App
O0783,CUS0254,2026-03-01,2026-03-03,Shipped,Pix,1414.93,Salvador,Curitiba,Eletrônicos,App
O0784,CUS0146,2026-02-11,2026-02-16,Delivered,Pix,1733.23,Rio de Janeiro,Recife,Beleza,App
O0785,CUS0097,2026-03-12,2026-03-17,Created,Bank Slip,2350.74,Campinas,Recife,Casa,App
O0786,CUS0203,2026-01-02,2026-01-09,Delivered,Credit Card,342.0,Recife,Rio de Janeiro,Beleza,Website
O0787,CUS0034,2026-03-30,2026-04-05,Shipped,Debit Card,879.58,Rio de Janeiro,Porto Alegre,Esporte,Website
O0788,CUS0143,2026-01-16,2026-01-19,Canceled,Pix,1902.92,Goiânia,Salvador,Mercado,Website
O0789,CUS0249,2026-02-15,2026-02-20,Canceled,Pix,410.98,Manaus,Goiânia,Beleza,App
O0790,CUS0119,2026-01-16,2026-01-20,Paid,Credit Card,293.94,Recife,Salvador,Eletrônicos,App
O0791,CUS0196,2026-03-05,2026-03-12,Canceled,Pix,424.12,São Paulo,Porto Alegre,Esporte,Marketplace
O0792,CUS0253,2026-01-13,2026-01-21,Delivered,Debit Card,769.16,Rio de Janeiro,Manaus,Beleza,Website
O0793,CUS0277,2026-03-06,2026-03-10,Canceled,Credit Card,2383.82,Salvador,Belo Horizonte,Eletrônicos,Website
O0794,CUS0193,2026-01-16,2026-01-21,Delivered,Bank Slip,138.06,Recife,Belo Horizonte,Moda,Marketplace
O0795,CUS0252,2026-03-26,2026-04-03,Delivered,Debit Card,815.46,Campinas,Curitiba,Beleza,Website
O0796,CUS0277,2026-01-15,2026-01-21,Canceled,Bank Slip,1215.93,Recife,Manaus,Moda,Marketplace
O0797,CUS0303,2026-01-08,2026-01-13,Delivered,Pix,1927.83,Campinas,Salvador,Casa,Website
O0798,CUS0066,2026-01-08,2026-01-10,Shipped,Pix,2033.39,Manaus,São Paulo,Esporte,App
O0799,CUS0220,2026-03-22,2026-03-26,Shipped,Pix,1059.17,Goiânia,Rio de Janeiro,Eletrônicos,Marketplace
O0800,CUS0304,2026-02-01,2026-02-04,Created,Credit Card,2178.89,Porto Alegre,Belo Horizonte,Eletrônicos,Website
O0801,CUS0020,2026-01-22,2026-01-24,Delivered,Bank Slip,1441.68,Salvador,Belo Horizonte,Beleza,Website
O0802,CUS0163,2026-01-03,2026-01-10,Delivered,Bank Slip,839.86,Recife,São Paulo,Eletrônicos,Website
O0803,CUS0255,2026-01-13,2026-01-20,Canceled,Pix,458.15,Porto Alegre,Goiânia,Casa,Website
O0804,CUS0275,2026-02-25,2026-02-28,Paid,Pix,699.56,Recife,Rio de Janeiro,Casa,Marketplace
O0805,CUS0297,2026-02-21,2026-03-01,Created,Pix,719.67,Porto Alegre,Rio de Janeiro,Esporte,Marketplace
O0806,CUS0040,2026-03-02,2026-03-07,Shipped,Pix,1110.57,Porto Alegre,Goiânia,Esporte,Website
O0807,CUS0320,2026-01-26,2026-01-31,Canceled,Bank Slip,1695.29,Goiânia,Campinas,Esporte,App
O0808,CUS0296,2026-01-03,2026-01-10,Delivered,Debit Card,1668.94,Salvador,Curitiba,Mercado,Website
O0809,CUS0290,2026-02-04,2026-02-11,Created,Debit Card,942.41,Salvador,Goiânia,Moda,App
O0810,CUS0211,2026-01-20,2026-01-27,Shipped,Credit Card,1603.09,Campinas,Recife,Beleza,Website
O0811,CUS0308,2026-02-06,2026-02-13,Paid,Bank Slip,634.21,Curitiba,Belo Horizonte,Moda,App
O0812,CUS0249,2026-01-04,2026-01-07,Canceled,Bank Slip,1083.89,Campinas,Salvador,Eletrônicos,App
O0813,CUS0133,2026-01-21,2026-01-25,Shipped,Debit Card,1628.48,Curitiba,São Paulo,Eletrônicos,Marketplace
O0814,CUS0043,2026-03-04,2026-03-12,Shipped,Pix,2174.56,São Paulo,Rio de Janeiro,Beleza,Website
O0815,CUS0072,2026-03-27,2026-04-03,Paid,Credit Card,1448.84,Rio de Janeiro,Recife,Esporte,App
O0816,CUS0129,2026-03-08,2026-03-15,Delivered,Credit Card,633.21,Manaus,Salvador,Eletrônicos,Website
O0817,CUS0121,2026-02-12,2026-02-20,Delivered,Debit Card,403.4,Manaus,Goiânia,Moda,App
O0818,CUS0302,2026-02-05,2026-02-10,Created,Bank Slip,1356.95,Goiânia,Campinas,Mercado,App
O0819,CUS0350,2026-02-10,2026-02-16,Paid,Pix,2204.6,Goiânia,Salvador,Moda,Website
O0820,CUS0011,2026-03-02,2026-03-09,Canceled,Credit Card,2111.59,Belo Horizonte,Campinas,Mercado,App
O0821,CUS0283,2026-03-30,2026-04-07,Delivered,Pix,1615.39,Porto Alegre,Belo Horizonte,Mercado,Website
O0822,CUS0227,2026-03-29,2026-03-31,Delivered,Credit Card,2278.97,Salvador,Porto Alegre,Beleza,Website
O0823,CUS0108,2026-02-08,2026-02-10,Paid,Bank Slip,1596.78,Porto Alegre,Belo Horizonte,Mercado,Website
O0824,CUS0242,2026-01-05,2026-01-09,Delivered,Pix,1807.57,Rio de Janeiro,Salvador,Eletrônicos,App
O0825,CUS0181,2026-03-31,2026-04-04,Delivered,Pix,1160.44,Salvador,Rio de Janeiro,Eletrônicos,App
O0826,CUS0329,2026-03-24,2026-03-31,Paid,Credit Card,1031.56,Curitiba,Salvador,Mercado,Website
O0827,CUS0081,2026-02-10,2026-02-16,Paid,Debit Card,2125.04,Rio de Janeiro,Curitiba,Mercado,Website
O0828,CUS0134,2026-02-10,2026-02-15,Paid,Pix,2008.83,Recife,Curitiba,Moda,App
O0829,CUS0194,2026-02-23,2026-02-27,Canceled,Debit Card,100.7,Curitiba,Recife,Eletrônicos,Marketplace
O0830,CUS0237,2026-03-24,2026-03-30,Paid,Pix,1768.06,Porto Alegre,Rio de Janeiro,Moda,App
O0831,CUS0077,2026-02-21,2026-02-27,Created,Pix,466.72,Goiânia,Campinas,Esporte,App
O0832,CUS0233,2026-01-02,2026-01-09,Delivered,Credit Card,599.91,Salvador,Goiânia,Moda,App
O0833,CUS0067,2026-02-04,2026-02-08,Delivered,Debit Card,1520.16,Recife,Goiânia,Casa,Marketplace
O0834,CUS0210,2026-03-28,2026-03-31,Paid,Credit Card,760.9,Goiânia,Curitiba,Casa,App
O0835,CUS0299,2026-03-21,2026-03-26,Delivered,Credit Card,75.19,Porto Alegre,Goiânia,Moda,Website
O0836,CUS0217,2026-03-30,2026-04-04,Canceled,Pix,228.89,Porto Alegre,Recife,Esporte,App
O0837,CUS0182,2026-01-07,2026-01-11,Canceled,Credit Card,63.03,Porto Alegre,Salvador,Esporte,Marketplace
O0838,CUS0068,2026-02-18,2026-02-22,Canceled,Credit Card,1472.15,Goiânia,Belo Horizonte,Casa,App
O0839,CUS0068,2026-03-06,2026-03-11,Created,Pix,1790.1,Belo Horizonte,Salvador,Beleza,App
O0840,CUS0066,2026-02-03,2026-02-05,Delivered,Pix,1882.14,Belo Horizonte,São Paulo,Beleza,Website
O0841,CUS0161,2026-02-03,2026-02-09,Delivered,Debit Card,823.01,Campinas,Manaus,Beleza,App
O0842,CUS0097,2026-03-13,2026-03-21,Paid,Credit Card,613.08,Recife,São Paulo,Eletrônicos,Website
O0843,CUS0060,2026-02-03,2026-02-06,Delivered,Credit Card,1131.67,Recife,Goiânia,Mercado,Marketplace
O0844,CUS0076,2026-03-04,2026-03-09,Created,Pix,279.18,Recife,Rio de Janeiro,Casa,App
O0845,CUS0289,2026-01-22,2026-01-29,Canceled,Debit Card,1479.65,Salvador,Campinas,Eletrônicos,Marketplace
O0846,CUS0127,2026-03-15,2026-03-18,Delivered,Credit Card,2224.04,Goiânia,Rio de Janeiro,Eletrônicos,Website
O0847,CUS0192,2026-03-29,2026-04-05,Canceled,Credit Card,2100.58,Rio de Janeiro,Recife,Moda,App
O0848,CUS0322,2026-01-11,2026-01-16,Shipped,Credit Card,857.03,Recife,Salvador,Eletrônicos,Marketplace
O0849,CUS0109,2026-03-21,2026-03-26,Created,Pix,841.7,Belo Horizonte,Curitiba,Eletrônicos,Marketplace
O0850,CUS0048,2026-01-10,2026-01-16,Delivered,Pix,486.04,Manaus,Goiânia,Beleza,App
O0851,CUS0199,2026-01-03,2026-01-11,Delivered,Pix,1635.53,Porto Alegre,Curitiba,Mercado,App
O0852,CUS0159,2026-01-16,2026-01-20,Canceled,Debit Card,929.59,Recife,Goiânia,Eletrônicos,Website
O0853,CUS0199,2026-03-07,2026-03-10,Delivered,Pix,1429.45,Recife,Salvador,Beleza,App
O0854,CUS0223,2026-02-24,2026-03-04,Delivered,Credit Card,148.98,Belo Horizonte,Curitiba,Casa,Website
O0855,CUS0270,2026-03-28,2026-03-31,Canceled,Credit Card,762.15,Curitiba,Salvador,Beleza,App
O0856,CUS0154,2026-03-03,2026-03-07,Paid,Bank Slip,773.86,Curitiba,Porto Alegre,Eletrônicos,Marketplace
O0857,CUS0262,2026-01-10,2026-01-12,Delivered,Bank Slip,281.4,Salvador,Rio de Janeiro,Mercado,Marketplace
O0858,CUS0131,2026-03-14,2026-03-22,Canceled,Credit Card,1933.16,Campinas,Goiânia,Eletrônicos,App
O0859,CUS0202,2026-03-26,2026-03-31,Created,Credit Card,1069.76,Curitiba,Porto Alegre,Mercado,Website
O0860,CUS0320,2026-02-10,2026-02-16,Shipped,Pix,2418.46,Recife,Salvador,Moda,App
O0861,CUS0345,2026-01-24,2026-01-26,Created,Bank Slip,1359.17,Manaus,Campinas,Eletrônicos,Website
O0862,CUS0236,2026-01-15,2026-01-17,Delivered,Bank Slip,791.79,Curitiba,Salvador,Esporte,Website
O0863,CUS0045,2026-03-30,2026-04-06,Paid,Debit Card,83.9,Goiânia,Campinas,Eletrônicos,App
O0864,CUS0247,2026-03-31,2026-04-03,Paid,Debit Card,1117.63,São Paulo,Campinas,Mercado,Marketplace
O0865,CUS0076,2026-01-25,2026-01-27,Delivered,Bank Slip,103.35,Campinas,Salvador,Moda,App
O0866,CUS0011,2026-03-31,2026-04-05,Delivered,Debit Card,543.2,Recife,Salvador,Esporte,Website
O0867,CUS0323,2026-01-07,2026-01-11,Delivered,Bank Slip,2129.09,São Paulo,Curitiba,Mercado,Marketplace
O0868,CUS0019,2026-03-18,2026-03-25,Delivered,Bank Slip,1240.9,Salvador,Campinas,Esporte,Marketplace
O0869,CUS0032,2026-03-20,2026-03-27,Canceled,Credit Card,1083.85,Recife,Porto Alegre,Casa,Marketplace
O0870,CUS0060,2026-01-09,2026-01-13,Delivered,Pix,1148.34,Goiânia,Salvador,Beleza,App
O0871,CUS0177,2026-01-21,2026-01-25,Delivered,Debit Card,1293.66,Porto Alegre,Salvador,Esporte,Marketplace
O0872,CUS0151,2026-02-13,2026-02-19,Delivered,Bank Slip,2091.03,Recife,Curitiba,Mercado,Marketplace
O0873,CUS0319,2026-02-16,2026-02-24,Paid,Pix,1742.18,Recife,Curitiba,Eletrônicos,Marketplace
O0874,CUS0081,2026-03-03,2026-03-06,Canceled,Bank Slip,297.12,Curitiba,Campinas,Beleza,Website
O0875,CUS0025,2026-02-08,2026-02-11,Created,Pix,2208.21,Porto Alegre,Manaus,Casa,Marketplace
O0876,CUS0033,2026-01-21,2026-01-24,Shipped,Bank Slip,329.14,Salvador,São Paulo,Moda,App
O0877,CUS0175,2026-03-13,2026-03-16,Shipped,Credit Card,1936.71,Recife,Campinas,Esporte,Website
O0878,CUS0026,2026-01-20,2026-01-28,Delivered,Bank Slip,2408.48,Salvador,Rio de Janeiro,Eletrônicos,App
O0879,CUS0022,2026-03-20,2026-03-26,Canceled,Credit Card,459.18,Rio de Janeiro,Manaus,Eletrônicos,App
O0880,CUS0260,2026-02-16,2026-02-19,Delivered,Credit Card,427.94,Campinas,Salvador,Casa,Website
O0881,CUS0213,2026-01-18,2026-01-20,Created,Debit Card,2095.28,Porto Alegre,Salvador,Beleza,Website
O0882,CUS0137,2026-02-06,2026-02-12,Shipped,Bank Slip,933.51,Curitiba,Rio de Janeiro,Mercado,App
O0883,CUS0117,2026-01-20,2026-01-28,Paid,Bank Slip,1062.79,Salvador,Goiânia,Beleza,Website
O0884,CUS0227,2026-03-08,2026-03-16,Paid,Credit Card,1808.15,Belo Horizonte,São Paulo,Esporte,App
O0885,CUS0085,2026-01-11,2026-01-15,Delivered,Credit Card,1013.44,Belo Horizonte,Recife,Eletrônicos,Marketplace
O0886,CUS0324,2026-03-24,2026-03-27,Canceled,Pix,1077.24,Manaus,São Paulo,Mercado,Marketplace
O0887,CUS0177,2026-03-12,2026-03-20,Created,Pix,2255.5,Campinas,Goiânia,Esporte,App
O0888,CUS0279,2026-03-31,2026-04-05,Canceled,Bank Slip,1758.77,Recife,Porto Alegre,Mercado,Website
O0889,CUS0276,2026-01-26,2026-01-30,Shipped,Bank Slip,1826.46,Rio de Janeiro,São Paulo,Mercado,App
O0890,CUS0048,2026-03-08,2026-03-14,Canceled,Pix,1327.23,Campinas,Porto Alegre,Mercado,App
O0891,CUS0124,2026-01-03,2026-01-05,Shipped,Bank Slip,2468.04,Salvador,Campinas,Eletrônicos,Marketplace
O0892,CUS0322,2026-01-08,2026-01-16,Canceled,Pix,353.25,Belo Horizonte,Campinas,Mercado,App
O0893,CUS0233,2026-02-27,2026-03-03,Shipped,Debit Card,2023.18,Manaus,São Paulo,Esporte,Marketplace
O0894,CUS0180,2026-03-22,2026-03-29,Shipped,Pix,1683.93,Salvador,Porto Alegre,Mercado,Marketplace
O0895,CUS0127,2026-03-28,2026-03-31,Created,Pix,1315.26,Goiânia,Manaus,Moda,Website
O0896,CUS0211,2026-02-28,2026-03-02,Created,Credit Card,202.28,Curitiba,Recife,Moda,Website
O0897,CUS0347,2026-01-28,2026-02-02,Canceled,Bank Slip,1491.15,Rio de Janeiro,Goiânia,Esporte,Website
O0898,CUS0226,2026-02-03,2026-02-09,Delivered,Bank Slip,2068.32,Recife,Goiânia,Moda,Marketplace
O0899,CUS0263,2026-01-17,2026-01-22,Canceled,Credit Card,1751.42,Recife,Curitiba,Beleza,Website
O0900,CUS0190,2026-01-05,2026-01-12,Created,Bank Slip,320.23,Curitiba,Manaus,Casa,Marketplace
O0901,CUS0061,2026-02-07,2026-02-09,Shipped,Pix,2478.0,Salvador,Curitiba,Casa,Website
O0902,CUS0302,2026-03-04,2026-03-06,Delivered,Credit Card,2345.2,Curitiba,Porto Alegre,Casa,Website
O0903,CUS0063,2026-01-28,2026-01-31,Canceled,Pix,215.44,Recife,São Paulo,Eletrônicos,Website
O0904,CUS0173,2026-03-03,2026-03-09,Delivered,Bank Slip,2094.41,Campinas,Salvador,Esporte,App
O0905,CUS0342,2026-01-18,2026-01-24,Delivered,Debit Card,2172.53,Recife,Salvador,Casa,App
O0906,CUS0199,2026-03-21,2026-03-28,Paid,Bank Slip,880.48,Manaus,Goiânia,Eletrônicos,Marketplace
O0907,CUS0085,2026-02-26,2026-03-05,Created,Pix,1424.51,Campinas,Rio de Janeiro,Eletrônicos,Marketplace
O0908,CUS0296,2026-03-13,2026-03-15,Created,Debit Card,1888.84,Porto Alegre,Manaus,Esporte,App
O0909,CUS0010,2026-01-16,2026-01-23,Shipped,Debit Card,650.88,Salvador,Curitiba,Mercado,Marketplace
O0910,CUS0206,2026-02-26,2026-02-28,Canceled,Credit Card,1254.06,Salvador,Belo Horizonte,Eletrônicos,Website
O0911,CUS0271,2026-02-25,2026-02-28,Shipped,Bank Slip,680.01,Goiânia,São Paulo,Eletrônicos,App
O0912,CUS0094,2026-03-11,2026-03-14,Shipped,Credit Card,427.77,Campinas,Curitiba,Beleza,Marketplace
O0913,CUS0093,2026-01-22,2026-01-24,Created,Credit Card,780.09,Manaus,Belo Horizonte,Eletrônicos,Website
O0914,CUS0193,2026-01-19,2026-01-24,Created,Credit Card,546.19,Belo Horizonte,Campinas,Esporte,Marketplace
O0915,CUS0198,2026-01-31,2026-02-05,Created,Pix,198.45,Salvador,Manaus,Beleza,Marketplace
O0916,CUS0209,2026-02-22,2026-02-24,Paid,Credit Card,709.37,Recife,São Paulo,Esporte,Marketplace
O0917,CUS0156,2026-01-13,2026-01-16,Canceled,Bank Slip,1142.6,Salvador,Curitiba,Mercado,Marketplace
O0918,CUS0277,2026-01-27,2026-02-04,Paid,Debit Card,1366.92,Curitiba,Goiânia,Beleza,Marketplace
O0919,CUS0318,2026-02-27,2026-03-01,Shipped,Debit Card,51.23,São Paulo,Salvador,Beleza,Website
O0920,CUS0324,2026-03-18,2026-03-22,Paid,Pix,161.34,Goiânia,Belo Horizonte,Mercado,Marketplace
O0921,CUS0203,2026-03-14,2026-03-16,Created,Debit Card,1826.4,Campinas,Rio de Janeiro,Casa,Website
O0922,CUS0350,2026-01-27,2026-02-02,Shipped,Pix,2450.12,Salvador,Belo Horizonte,Mercado,Website
O0923,CUS0108,2026-02-04,2026-02-07,Delivered,Pix,88.79,Belo Horizonte,Goiânia,Mercado,App
O0924,CUS0003,2026-03-24,2026-03-26,Created,Debit Card,1062.19,Manaus,Recife,Mercado,Marketplace
O0925,CUS0042,2026-03-04,2026-03-12,Created,Credit Card,2236.79,Goiânia,Manaus,Mercado,Website
O0926,CUS0308,2026-03-28,2026-03-30,Shipped,Bank Slip,484.02,Belo Horizonte,Recife,Mercado,App
O0927,CUS0228,2026-01-16,2026-01-21,Created,Debit Card,1870.68,Belo Horizonte,Porto Alegre,Casa,Marketplace
O0928,CUS0114,2026-02-15,2026-02-18,Paid,Bank Slip,2419.87,Rio de Janeiro,Belo Horizonte,Eletrônicos,Website
O0929,CUS0004,2026-03-05,2026-03-12,Paid,Bank Slip,321.73,Manaus,Porto Alegre,Casa,Marketplace
O0930,CUS0100,2026-03-06,2026-03-11,Canceled,Debit Card,210.04,Curitiba,Manaus,Moda,Marketplace
O0931,CUS0268,2026-01-09,2026-01-12,Shipped,Debit Card,2126.77,Campinas,Porto Alegre,Eletrônicos,Marketplace
O0932,CUS0349,2026-03-28,2026-04-03,Canceled,Bank Slip,54.69,Manaus,Campinas,Beleza,Marketplace
O0933,CUS0222,2026-03-28,2026-04-04,Delivered,Pix,348.12,São Paulo,Goiânia,Esporte,Website
O0934,CUS0115,2026-03-05,2026-03-09,Created,Pix,2300.05,Salvador,São Paulo,Esporte,Website
O0935,CUS0172,2026-02-10,2026-02-12,Created,Credit Card,2476.15,Goiânia,Porto Alegre,Moda,Marketplace
O0936,CUS0085,2026-02-24,2026-02-26,Shipped,Pix,203.87,Porto Alegre,Campinas,Mercado,App
O0937,CUS0304,2026-01-04,2026-01-09,Shipped,Pix,655.45,Goiânia,São Paulo,Beleza,App
O0938,CUS0267,2026-02-13,2026-02-21,Paid,Credit Card,1950.56,São Paulo,Goiânia,Esporte,Website
O0939,CUS0044,2026-01-13,2026-01-20,Created,Credit Card,974.56,Recife,Rio de Janeiro,Mercado,App
O0940,CUS0155,2026-01-17,2026-01-19,Canceled,Bank Slip,211.09,Recife,São Paulo,Mercado,App
O0941,CUS0206,2026-03-13,2026-03-15,Created,Bank Slip,621.05,Campinas,Recife,Esporte,Marketplace
O0942,CUS0238,2026-03-21,2026-03-23,Delivered,Credit Card,881.99,Recife,Goiânia,Mercado,App
O0943,CUS0056,2026-02-28,2026-03-06,Created,Credit Card,1508.14,Belo Horizonte,Porto Alegre,Eletrônicos,Marketplace
O0944,CUS0132,2026-01-25,2026-01-31,Shipped,Bank Slip,1229.38,Curitiba,Manaus,Esporte,Website
O0945,CUS0031,2026-01-24,2026-01-27,Paid,Pix,1482.04,Curitiba,São Paulo,Esporte,Marketplace
O0946,CUS0075,2026-02-15,2026-02-19,Paid,Bank Slip,806.18,Manaus,Salvador,Casa,Website
O0947,CUS0030,2026-02-17,2026-02-19,Paid,Credit Card,1083.99,Salvador,Curitiba,Moda,App
O0948,CUS0097,2026-03-23,2026-03-26,Delivered,Bank Slip,1519.38,Rio de Janeiro,Goiânia,Casa,Marketplace
O0949,CUS0215,2026-03-14,2026-03-18,Shipped,Debit Card,306.79,Manaus,Campinas,Eletrônicos,Website
O0950,CUS0239,2026-01-29,2026-01-31,Canceled,Debit Card,635.52,Porto Alegre,Campinas,Mercado,Website
O0951,CUS0004,2026-02-18,2026-02-21,Shipped,Credit Card,230.55,Goiânia,Curitiba,Eletrônicos,Marketplace
O0952,CUS0100,2026-01-15,2026-01-18,Canceled,Pix,157.47,Campinas,Salvador,Eletrônicos,App
O0953,CUS0135,2026-01-26,2026-01-30,Paid,Pix,2126.44,Curitiba,Campinas,Moda,App
O0954,CUS0052,2026-01-26,2026-01-28,Created,Debit Card,978.3,Curitiba,Belo Horizonte,Eletrônicos,Website
O0955,CUS0190,2026-01-27,2026-01-31,Shipped,Debit Card,2355.84,Recife,Porto Alegre,Esporte,Website
O0956,CUS0098,2026-01-09,2026-01-11,Paid,Bank Slip,1751.14,Curitiba,Porto Alegre,Casa,Marketplace
O0957,CUS0316,2026-02-24,2026-03-03,Canceled,Debit Card,2143.35,Porto Alegre,São Paulo,Casa,App
O0958,CUS0065,2026-02-11,2026-02-14,Canceled,Bank Slip,562.55,São Paulo,Belo Horizonte,Eletrônicos,Website
O0959,CUS0261,2026-03-26,2026-04-01,Delivered,Pix,1271.49,Rio de Janeiro,Porto Alegre,Beleza,App
O0960,CUS0248,2026-02-11,2026-02-18,Delivered,Bank Slip,707.35,Belo Horizonte,Manaus,Beleza,Marketplace
O0961,CUS0113,2026-03-16,2026-03-23,Paid,Bank Slip,2164.75,São Paulo,Campinas,Beleza,App
O0962,CUS0192,2026-02-09,2026-02-14,Shipped,Credit Card,379.02,Goiânia,Curitiba,Eletrônicos,Website
O0963,CUS0299,2026-02-26,2026-03-04,Created,Bank Slip,1304.99,Belo Horizonte,Porto Alegre,Casa,Website
O0964,CUS0189,2026-02-27,2026-03-04,Delivered,Pix,718.82,Goiânia,Recife,Eletrônicos,App
O0965,CUS0184,2026-02-26,2026-03-01,Created,Pix,2114.36,Campinas,Rio de Janeiro,Esporte,Marketplace
O0966,CUS0051,2026-03-24,2026-03-26,Created,Credit Card,932.52,Campinas,Porto Alegre,Esporte,App
O0967,CUS0155,2026-02-12,2026-02-15,Shipped,Debit Card,1778.8,Belo Horizonte,Campinas,Moda,Marketplace
O0968,CUS0145,2026-03-11,2026-03-15,Shipped,Bank Slip,2367.24,São Paulo,Belo Horizonte,Esporte,Marketplace
O0969,CUS0204,2026-01-02,2026-01-07,Paid,Debit Card,1822.15,Salvador,Curitiba,Moda,Website
O0970,CUS0240,2026-01-30,2026-02-05,Delivered,Pix,1990.17,Manaus,Salvador,Casa,App
O0971,CUS0225,2026-02-24,2026-03-04,Delivered,Credit Card,967.95,Goiânia,Porto Alegre,Esporte,App
O0972,CUS0338,2026-02-09,2026-02-16,Shipped,Pix,602.37,São Paulo,Salvador,Beleza,Marketplace
O0973,CUS0167,2026-02-21,2026-03-01,Canceled,Credit Card,1440.52,Salvador,Campinas,Eletrônicos,App
O0974,CUS0196,2026-01-20,2026-01-24,Paid,Bank Slip,205.99,Manaus,Goiânia,Beleza,App
O0975,CUS0328,2026-03-02,2026-03-04,Shipped,Credit Card,469.91,Belo Horizonte,Salvador,Mercado,Marketplace
O0976,CUS0014,2026-01-23,2026-01-25,Paid,Debit Card,220.16,Manaus,Recife,Beleza,Website
O0977,CUS0036,2026-01-27,2026-01-30,Delivered,Credit Card,953.13,Campinas,Manaus,Eletrônicos,App
O0978,CUS0081,2026-02-11,2026-02-19,Created,Debit Card,1364.26,Goiânia,Recife,Beleza,Marketplace
O0979,CUS0106,2026-01-09,2026-01-14,Shipped,Bank Slip,2053.83,Porto Alegre,Curitiba,Mercado,Website
O0980,CUS0301,2026-01-21,2026-01-27,Paid,Bank Slip,724.76,Manaus,Campinas,Eletrônicos,App
O0981,CUS0270,2026-02-27,2026-03-01,Shipped,Bank Slip,1177.45,Goiânia,Porto Alegre,Esporte,App
O0982,CUS0153,2026-01-12,2026-01-16,Delivered,Debit Card,1066.82,Recife,Belo Horizonte,Moda,Marketplace
O0983,CUS0292,2026-02-25,2026-03-02,Created,Bank Slip,1761.65,Goiânia,Curitiba,Eletrônicos,App
O0984,CUS0342,2026-01-21,2026-01-25,Created,Debit Card,2276.4,Salvador,Campinas,Beleza,Marketplace
O0985,CUS0259,2026-01-16,2026-01-20,Shipped,Bank Slip,1154.74,Rio de Janeiro,Curitiba,Casa,App
O0986,CUS0038,2026-03-06,2026-03-08,Delivered,Bank Slip,891.9,Recife,São Paulo,Beleza,App
O0987,CUS0059,2026-02-20,2026-02-22,Paid,Pix,1692.19,São Paulo,Belo Horizonte,Beleza,Website
O0988,CUS0337,2026-03-01,2026-03-03,Paid,Bank Slip,393.54,Rio de Janeiro,Manaus,Casa,App
O0989,CUS0091,2026-01-22,2026-01-30,Shipped,Credit Card,1359.86,São Paulo,Curitiba,Beleza,App
O0990,CUS0079,2026-01-10,2026-01-17,Delivered,Pix,485.87,São Paulo,Belo Horizonte,Mercado,App
O0991,CUS0025,2026-03-28,2026-04-03,Canceled,Credit Card,1006.95,Porto Alegre,Salvador,Casa,Website
O0992,CUS0194,2026-01-07,2026-01-13,Paid,Debit Card,967.82,São Paulo,Rio de Janeiro,Moda,App
O0993,CUS0008,2026-01-12,2026-01-14,Shipped,Debit Card,1715.87,Goiânia,São Paulo,Eletrônicos,App
O0994,CUS0023,2026-01-13,2026-01-21,Delivered,Credit Card,2048.26,Curitiba,Porto Alegre,Casa,Marketplace
O0995,CUS0278,2026-03-22,2026-03-25,Delivered,Bank Slip,345.88,Manaus,Porto Alegre,Moda,App
O0996,CUS0206,2026-02-15,2026-02-19,Shipped,Credit Card,1003.45,Curitiba,São Paulo,Beleza,App
O0997,CUS0023,2026-01-09,2026-01-16,Created,Debit Card,1057.13,Campinas,Goiânia,Esporte,Website
O0998,CUS0129,2026-01-14,2026-01-21,Created,Pix,2454.47,Salvador,Curitiba,Mercado,Website
O0999,CUS0090,2026-03-28,2026-04-05,Shipped,Bank Slip,215.31,Curitiba,Goiânia,Eletrônicos,Marketplace
O1000,CUS0328,2026-03-16,2026-03-21,Paid,Credit Card,619.81,Goiânia,Manaus,Esporte,App
